Level,Year,League,Team,Org,Venue,Games,Park Factor,R,OBP,H,1B,2B,3B,HR,BB,SO,HBP,BACON,wOBACon,HR p10,HR p90,PA
MLB,2015,MLB,MIL,MIL,Miller Park,81,99,99,99,97,96,94,100,110,103,109,98,100,101,107,113,6054
MLB,2015,MLB,LAA,LAA,Angel Stadium of Anaheim,81,98,97,98,97,99,91,80,106,99,104,104,98,99,103,108,5927
MLB,2015,MLB,STL,STL,Busch Stadium,81,98,95,99,100,104,97,86,85,97,94,101,98,96,82,87,6025
MLB,2015,MLB,ARI,ARI,Chase Field,81,104,109,102,104,99,110,173,108,99,99,93,103,105,105,111,6190
MLB,2015,MLB,NYM,NYM,Citi Field,82,97,94,97,95,97,90,76,100,101,106,111,97,97,98,103,5941
MLB,2015,MLB,PHI,PHI,Citizens Bank Park,81,102,103,100,101,100,97,111,114,98,104,97,102,103,111,117,6139
MLB,2015,MLB,DET,DET,Comerica Park,81,101,102,101,102,103,95,168,94,100,93,97,100,99,92,96,6129
MLB,2015,MLB,COL,COL,Coors Field,81,113,124,110,115,111,118,213,111,98,90,89,111,112,108,114,6267
MLB,2015,MLB,HOU,HOU,Minute Maid Park,81,97,95,96,96,94,96,102,103,99,109,91,98,99,101,106,5886
MLB,2015,MLB,BOS,BOS,Fenway Park,81,105,110,105,107,105,121,105,94,100,97,105,106,105,92,97,6194
MLB,2015,MLB,TEX,TEX,Globe Life Park in Arlington,81,107,112,106,106,105,105,116,111,106,92,109,104,105,107,115,6237
MLB,2015,MLB,CIN,CIN,Great American Ball Park,82,103,106,101,100,97,99,83,122,105,105,103,102,104,119,125,6283
MLB,2015,MLB,KCR,KCR,Kauffman Stadium,81,102,104,103,105,106,107,141,85,100,90,98,101,100,82,88,5949
MLB,2015,MLB,WSN,WSN,Nationals Park,82,102,104,101,103,103,100,87,108,98,97,96,102,102,105,111,5947
MLB,2015,MLB,ATH,ATH,O.co Coliseum,81,96,92,97,96,96,102,97,87,99,98,96,95,95,84,89,6051
MLB,2015,MLB,SFG,SFG,AT&T Park,81,97,94,98,99,102,98,153,76,96,98,88,98,96,73,78,5933
MLB,2015,MLB,BAL,BAL,Oriole Park at Camden Yards,78,104,108,102,103,102,97,85,123,98,94,103,102,103,120,126,5884
MLB,2015,MLB,PIT,PIT,PNC Park,81,101,101,102,102,103,110,105,85,101,95,109,101,99,83,88,6134
MLB,2015,MLB,SDP,SDP,Petco Park,81,97,94,97,96,97,93,87,97,102,104,95,97,97,95,100,5944
MLB,2015,MLB,CLE,CLE,Progressive Field,80,100,100,100,100,99,107,77,99,101,101,94,100,100,96,102,6011
MLB,2015,MLB,CHW,CHW,U.S. Cellular Field,82,100,100,100,99,100,92,83,107,102,100,106,99,100,105,110,6142
MLB,2015,MLB,TOR,TOR,Rogers Centre,81,101,102,100,100,96,108,73,112,99,100,103,99,101,109,115,5965
MLB,2015,MLB,SEA,SEA,Safeco Field,81,94,90,95,93,94,89,63,101,99,110,100,96,96,99,104,6058
MLB,2015,MLB,MIN,MIN,Target Field,81,102,104,102,103,102,108,98,101,101,96,100,102,102,98,104,6015
MLB,2015,MLB,TBR,TBR,Tropicana Field,84,96,93,96,96,96,94,101,97,97,108,104,98,98,94,100,6154
MLB,2015,MLB,ATL,ATL,Turner Field,81,97,94,100,98,102,97,100,78,104,102,105,99,96,72,84,6009
MLB,2015,MLB,LAD,LAD,Dodger Stadium,81,97,96,96,96,94,98,66,112,95,104,102,97,99,109,115,5871
MLB,2015,MLB,CHC,CHC,Wrigley Field,81,99,98,99,98,98,90,117,101,103,103,102,99,99,98,104,5964
MLB,2015,MLB,NYY,NYY,Yankee Stadium,81,100,100,99,97,95,92,64,119,104,103,99,98,100,116,122,6215
MLB,2015,MLB,MIA,MIA,Marlins Park,81,97,94,99,99,102,96,123,78,100,99,108,99,96,76,80,5966
MLB,2016,MLB,MIL,MIL,Miller Park,81,99,99,99,97,96,94,101,110,103,108,98,100,102,106,113,6023
MLB,2016,MLB,LAA,LAA,Angel Stadium of Anaheim,81,98,97,98,98,98,91,80,105,99,104,104,99,99,103,108,6015
MLB,2016,MLB,STL,STL,Busch Stadium,81,97,95,99,100,104,97,86,85,97,94,101,98,95,83,87,6077
MLB,2016,MLB,ARI,ARI,Chase Field,81,104,108,102,104,99,110,172,108,99,99,94,103,105,105,111,6411
MLB,2016,MLB,NYM,NYM,Citi Field,81,97,94,97,95,97,90,76,100,100,106,111,97,97,97,103,6001
MLB,2016,MLB,PHI,PHI,Citizens Bank Park,81,102,104,100,101,99,97,111,114,98,104,97,102,104,111,116,5985
MLB,2016,MLB,DET,DET,Comerica Park,80,101,101,101,102,103,96,169,94,100,93,97,100,99,92,96,5942
MLB,2016,MLB,COL,COL,Coors Field,81,112,123,110,115,111,118,213,111,98,90,89,111,112,108,114,6337
MLB,2016,MLB,HOU,HOU,Minute Maid Park,81,97,95,96,96,94,96,102,103,99,109,91,98,100,101,106,6134
MLB,2016,MLB,BOS,BOS,Fenway Park,81,105,109,105,107,105,121,106,94,100,97,105,106,105,92,97,6235
MLB,2016,MLB,ATL,ATL,Fort Bragg Field,1,102,104,102,102,102,101,115,103,101,98,102,102,102,77,131,79
MLB,2016,MLB,TEX,TEX,Globe Life Park in Arlington,81,107,112,106,106,105,105,115,111,106,92,109,104,105,107,115,6126
MLB,2016,MLB,CIN,CIN,Great American Ball Park,81,103,106,101,100,97,99,84,121,104,105,103,102,105,118,125,6116
MLB,2016,MLB,KCR,KCR,Kauffman Stadium,81,102,103,103,104,106,107,141,85,100,90,98,101,99,83,88,6210
MLB,2016,MLB,WSN,WSN,Nationals Park,81,102,104,101,103,103,100,87,108,98,97,97,102,102,105,111,6023
MLB,2016,MLB,ATH,ATH,Oakland Coliseum,81,96,92,97,96,96,102,96,87,99,98,96,95,94,84,90,5961
MLB,2016,MLB,SFG,SFG,AT&T Park,81,96,93,98,99,103,98,155,76,96,98,88,98,96,73,78,6109
MLB,2016,MLB,BAL,BAL,Oriole Park at Camden Yards,81,104,108,102,104,102,97,85,123,98,94,103,102,104,120,127,6001
MLB,2016,MLB,PIT,PIT,PNC Park,81,100,100,102,102,103,110,105,85,101,95,109,101,99,82,88,6135
MLB,2016,MLB,SDP,SDP,Petco Park,81,97,94,97,96,97,93,87,97,102,104,95,97,97,95,100,6126
MLB,2016,MLB,CLE,CLE,Progressive Field,81,100,100,100,100,99,107,77,99,101,101,93,100,100,96,102,6096
MLB,2016,MLB,CHW,CHW,U.S. Cellular Field,82,100,100,100,99,100,92,84,107,102,100,106,99,100,105,110,6013
MLB,2016,MLB,TOR,TOR,Rogers Centre,81,101,103,100,100,96,108,73,112,99,100,103,100,101,109,115,6190
MLB,2016,MLB,SEA,SEA,Safeco Field,81,95,91,95,93,94,89,62,101,99,110,100,96,96,99,104,6131
MLB,2016,MLB,MIN,MIN,Target Field,81,102,104,102,103,102,108,97,101,101,96,100,102,102,98,104,6277
MLB,2016,MLB,TBR,TBR,Tropicana Field,81,96,94,96,96,96,94,102,97,97,108,104,98,98,94,100,5981
MLB,2016,MLB,ATL,ATL,Turner Field,80,97,93,99,98,102,97,99,78,104,102,105,99,96,72,84,6132
MLB,2016,MLB,LAD,LAD,Dodger Stadium,81,98,97,96,96,94,97,66,112,95,104,102,97,99,109,115,5841
MLB,2016,MLB,CHC,CHC,Wrigley Field,81,99,98,99,98,98,90,117,101,103,103,102,99,99,98,104,6025
MLB,2016,MLB,NYY,NYY,Yankee Stadium,81,100,101,99,97,95,92,64,118,104,103,99,98,101,115,121,5994
MLB,2016,MLB,MIA,MIA,Marlins Park,80,97,94,99,98,102,97,122,79,99,100,110,99,96,75,82,5898
MLB,2017,MLB,MIL,MIL,Miller Park,84,99,99,99,97,95,94,100,108,103,108,98,100,102,105,111,6338
MLB,2017,MLB,LAA,LAA,Angel Stadium of Anaheim,81,98,97,98,97,98,91,80,104,99,104,105,99,99,102,107,5985
MLB,2017,MLB,STL,STL,Busch Stadium,81,97,94,99,100,104,97,87,84,97,94,102,97,95,82,86,6067
MLB,2017,MLB,ARI,ARI,Chase Field,81,104,108,102,104,99,111,175,107,99,99,94,103,105,104,110,6121
MLB,2017,MLB,NYM,NYM,Citi Field,84,96,94,97,95,97,89,77,99,101,106,111,97,97,96,102,6333
MLB,2017,MLB,PHI,PHI,Citizens Bank Park,81,102,103,100,101,99,97,111,112,98,104,97,102,104,110,115,6182
MLB,2017,MLB,DET,DET,Comerica Park,81,101,101,101,102,103,96,171,93,100,93,97,99,99,91,95,6332
MLB,2017,MLB,COL,COL,Coors Field,81,112,122,110,115,111,119,216,110,99,90,90,111,112,107,113,6147
MLB,2017,MLB,HOU,HOU,Minute Maid Park,78,98,97,97,97,95,95,99,108,99,107,92,99,100,104,112,5797
MLB,2017,MLB,BOS,BOS,Fenway Park,81,105,108,105,107,105,121,104,93,100,97,105,106,105,91,96,6290
MLB,2017,MLB,TEX,TEX,Globe Life Park in Arlington,81,107,112,106,106,105,105,117,110,106,92,109,104,105,106,114,6254
MLB,2017,MLB,CIN,CIN,Great American Ball Park,81,103,106,101,100,96,99,83,120,105,105,103,102,105,117,124,6136
MLB,2017,MLB,PIT,PIT,BB&T Ballpark,1,99,98,100,101,104,102,100,87,100,104,99,102,100,73,102,74
MLB,2017,MLB,KCR,KCR,Kauffman Stadium,81,102,103,103,104,106,108,144,85,100,90,98,101,99,82,87,6020
MLB,2017,MLB,WSN,WSN,Nationals Park,81,102,104,101,103,103,100,87,107,98,97,97,101,102,104,110,6075
MLB,2017,MLB,ATH,ATH,Oakland Coliseum,81,96,92,97,96,96,102,97,86,99,98,97,95,94,84,89,6183
MLB,2017,MLB,SFG,SFG,AT&T Park,81,96,92,98,99,103,99,155,75,97,98,88,98,95,72,77,6156
MLB,2017,MLB,BAL,BAL,Oriole Park at Camden Yards,81,105,108,102,104,102,97,85,122,98,94,103,102,104,119,125,6290
MLB,2017,MLB,PIT,PIT,PNC Park,80,100,100,102,102,103,109,106,84,101,95,109,100,98,82,87,6063
MLB,2017,MLB,SDP,SDP,Petco Park,81,97,94,97,96,97,93,88,96,102,104,95,97,97,94,99,5879
MLB,2017,MLB,CLE,CLE,Progressive Field,81,100,99,100,100,98,107,78,98,101,101,93,100,100,95,101,5964
MLB,2017,MLB,CHW,CHW,Guaranteed Rate Field,81,100,100,100,99,100,92,83,106,102,100,106,99,100,103,109,6074
MLB,2017,MLB,TOR,TOR,Rogers Centre,81,101,102,100,100,96,108,73,111,99,100,103,100,101,108,114,6044
MLB,2017,MLB,SEA,SEA,Safeco Field,81,94,91,95,93,94,88,63,100,99,110,100,96,96,98,103,6080
MLB,2017,MLB,MIN,MIN,Target Field,81,102,104,102,103,102,108,98,100,101,97,100,102,101,97,103,6288
MLB,2017,MLB,TBR,TBR,Tropicana Field,81,96,93,96,96,96,94,101,96,98,108,104,98,98,93,99,6029
MLB,2017,MLB,ATL,ATL,SunTrust Park,81,100,100,100,101,103,99,93,98,98,102,98,102,101,96,101,6148
MLB,2017,MLB,LAD,LAD,Dodger Stadium,81,98,97,96,96,94,97,66,111,95,104,102,97,99,108,113,5920
MLB,2017,MLB,CHC,CHC,Wrigley Field,81,99,97,99,97,98,90,117,100,103,103,102,99,99,97,103,6165
MLB,2017,MLB,NYY,NYY,Yankee Stadium,81,100,101,99,97,95,92,64,117,104,103,99,98,101,114,120,6070
MLB,2017,MLB,MIA,MIA,Marlins Park,78,96,93,99,98,102,97,121,78,100,100,110,98,95,75,82,5884
MLB,2018,MLB,MIL,MIL,Miller Park,81,99,99,99,97,95,93,101,109,103,108,98,100,102,106,112,6017
MLB,2018,MLB,LAA,LAA,Angel Stadium,81,98,97,98,97,98,91,80,105,99,104,105,99,99,102,108,6035
MLB,2018,MLB,STL,STL,Busch Stadium,81,97,95,99,100,104,97,86,84,97,94,102,98,95,82,86,6094
MLB,2018,MLB,ARI,ARI,Chase Field,81,102,104,102,103,100,110,176,95,100,98,92,102,102,91,99,6138
MLB,2018,MLB,NYM,NYM,Citi Field,81,96,94,97,95,97,89,76,99,100,106,111,97,97,97,102,5963
MLB,2018,MLB,PHI,PHI,Citizens Bank Park,80,102,103,100,101,99,97,111,113,98,104,97,102,104,110,116,5996
MLB,2018,MLB,DET,DET,Comerica Park,81,101,101,101,102,103,96,170,94,100,94,97,100,99,91,96,6064
MLB,2018,MLB,COL,COL,Coors Field,81,112,123,110,115,111,119,215,111,99,91,90,111,112,108,114,6148
MLB,2018,MLB,HOU,HOU,Minute Maid Park,81,98,97,97,97,95,95,100,108,99,107,92,99,100,104,112,5949
MLB,2018,MLB,SDP,SDP,Estadio de Beisbol Monterrey,3,106,111,103,104,99,101,127,126,102,98,101,103,107,100,152,219
MLB,2018,MLB,BOS,BOS,Fenway Park,81,105,109,105,107,105,121,106,94,100,97,105,106,105,91,96,6194
MLB,2018,MLB,TEX,TEX,Globe Life Park in Arlington,81,107,112,106,106,105,105,116,110,106,92,110,104,105,106,114,6286
MLB,2018,MLB,CIN,CIN,Great American Ball Park,81,103,106,101,100,96,99,84,121,105,105,103,102,105,118,124,6281
MLB,2018,MLB,MIN,MIN,Hiram Bithorn Stadium,2,100,101,101,101,101,99,101,100,100,99,100,101,100,81,120,198
MLB,2018,MLB,PHI,PHI,BB&T Ballpark,1,99,98,100,101,104,102,98,87,100,104,99,102,100,73,103,73
MLB,2018,MLB,KCR,KCR,Kauffman Stadium,81,102,103,103,104,106,108,143,85,101,90,98,101,99,82,88,6184
MLB,2018,MLB,WSN,WSN,Nationals Park,82,102,104,101,103,103,100,88,107,98,97,97,102,102,105,110,6150
MLB,2018,MLB,ATH,ATH,Oakland Coliseum,81,96,92,97,96,96,102,97,86,99,98,97,95,94,84,89,6098
MLB,2018,MLB,SFG,SFG,AT&T Park,81,96,93,98,99,103,99,155,75,97,98,89,98,95,73,78,6083
MLB,2018,MLB,BAL,BAL,Oriole Park at Camden Yards,81,104,108,102,104,103,97,86,123,98,94,103,102,104,120,126,6149
MLB,2018,MLB,PIT,PIT,PNC Park,80,100,100,102,102,103,110,106,85,101,95,109,100,99,82,87,5984
MLB,2018,MLB,SDP,SDP,Petco Park,78,97,94,97,96,97,93,87,97,102,104,95,97,97,94,99,5993
MLB,2018,MLB,CLE,CLE,Progressive Field,81,100,100,100,100,98,107,77,98,101,101,93,100,100,96,101,6136
MLB,2018,MLB,CHW,CHW,Guaranteed Rate Field,81,100,100,100,99,100,92,84,107,102,100,106,99,100,104,109,6154
MLB,2018,MLB,TOR,TOR,Rogers Centre,81,101,102,100,100,96,108,73,111,99,100,104,100,101,109,114,6185
MLB,2018,MLB,SEA,SEA,Safeco Field,81,94,90,95,93,94,89,63,101,99,110,100,96,96,98,103,5963
MLB,2018,MLB,MIN,MIN,Target Field,79,102,104,102,103,102,108,98,100,101,97,100,102,102,98,103,5953
MLB,2018,MLB,TBR,TBR,Tropicana Field,81,96,93,96,96,96,94,102,96,98,108,104,98,98,93,99,5962
MLB,2018,MLB,ATL,ATL,SunTrust Park,81,100,100,100,101,103,99,94,99,98,102,98,102,101,96,102,6128
MLB,2018,MLB,LAD,LAD,Dodger Stadium,82,98,96,96,96,94,97,66,111,95,104,102,97,99,109,114,6054
MLB,2018,MLB,CHC,CHC,Wrigley Field,83,99,97,99,97,98,90,117,100,103,103,102,99,99,98,103,6164
MLB,2018,MLB,NYY,NYY,Yankee Stadium,81,100,100,99,97,95,92,64,117,104,103,99,98,101,115,120,6223
MLB,2018,MLB,MIA,MIA,Marlins Park,81,97,93,99,98,102,97,122,79,100,100,110,98,96,75,82,6178
MLB,2019,MLB,MIL,MIL,Miller Park,81,99,99,99,97,95,93,100,109,103,108,98,100,102,106,112,6109
MLB,2019,MLB,LAA,LAA,Angel Stadium,79,98,97,98,97,98,91,80,105,99,104,104,99,99,102,108,6145
MLB,2019,MLB,STL,STL,Busch Stadium,81,97,94,99,100,104,98,86,85,97,94,102,97,95,83,87,5967
MLB,2019,MLB,ARI,ARI,Chase Field,81,101,102,101,102,100,111,180,89,100,97,93,101,100,83,93,6186
MLB,2019,MLB,NYM,NYM,Citi Field,82,97,94,97,95,97,89,76,100,100,106,111,97,98,97,102,6076
MLB,2019,MLB,PHI,PHI,Citizens Bank Park,81,102,104,100,101,99,97,111,113,98,104,97,102,104,110,116,6216
MLB,2019,MLB,DET,DET,Comerica Park,81,101,101,101,102,103,97,171,94,100,94,97,99,99,92,96,6216
MLB,2019,MLB,COL,COL,Coors Field,81,112,122,110,115,111,119,216,111,99,91,90,111,112,108,114,6477
MLB,2019,MLB,HOU,HOU,Minute Maid Park,81,98,98,97,97,94,95,99,108,99,107,92,99,101,104,112,6155
MLB,2019,MLB,LAA,LAA,Estadio de Beisbol Monterrey,4,107,112,103,104,99,101,126,126,102,98,101,104,107,100,152,313
MLB,2019,MLB,BOS,BOS,Fenway Park,80,104,108,105,107,105,121,105,94,100,97,106,106,104,92,97,6192
MLB,2019,MLB,TEX,TEX,Globe Life Park in Arlington,81,107,112,106,106,105,105,116,111,106,92,110,104,105,106,114,6405
MLB,2019,MLB,CIN,CIN,Great American Ball Park,79,103,107,101,100,96,98,83,121,104,105,103,102,106,118,124,5877
MLB,2019,MLB,PIT,PIT,BB&T Ballpark,1,99,97,100,100,104,102,98,87,100,104,99,102,100,74,103,78
MLB,2019,MLB,KCR,KCR,Kauffman Stadium,80,102,102,103,104,107,108,143,86,101,90,99,101,98,83,88,6140
MLB,2019,MLB,BOS,BOS,London Stadium,2,105,108,105,106,107,108,98,102,102,96,103,105,104,83,124,191
MLB,2019,MLB,WSN,WSN,Nationals Park,81,102,104,101,103,103,100,87,108,98,97,97,102,102,105,111,6180
MLB,2019,MLB,ATH,ATH,Oakland Coliseum,80,95,92,97,96,96,102,97,87,99,98,97,95,94,84,89,6054
MLB,2019,MLB,SFG,SFG,Oracle Park,81,96,92,98,99,103,99,156,76,97,98,89,98,95,73,78,6161
MLB,2019,MLB,BAL,BAL,Oriole Park at Camden Yards,81,105,109,103,104,102,97,85,123,98,94,103,102,104,120,126,6305
MLB,2019,MLB,PIT,PIT,PNC Park,80,100,99,102,101,103,110,105,85,101,95,109,100,98,82,88,6249
MLB,2019,MLB,SDP,SDP,Petco Park,81,97,94,97,96,97,93,87,97,102,104,95,97,97,94,100,5998
MLB,2019,MLB,CLE,CLE,Progressive Field,81,100,100,100,100,98,107,77,99,101,101,93,100,100,96,102,5942
MLB,2019,MLB,CHW,CHW,Guaranteed Rate Field,81,100,101,100,99,100,92,83,107,102,100,106,100,100,104,109,5985
MLB,2019,MLB,TOR,TOR,Rogers Centre,81,102,103,100,100,95,107,72,111,99,100,103,100,102,109,115,6232
MLB,2019,MLB,SEA,SEA,T-Mobile Park,81,95,91,95,93,93,88,62,101,99,110,100,96,97,98,103,6167
MLB,2019,MLB,KCR,KCR,TD Ameritrade Park,1,102,103,101,102,101,101,109,103,101,99,101,102,102,81,128,80
MLB,2019,MLB,MIN,MIN,Target Field,81,102,104,102,103,101,108,98,101,101,97,100,102,101,98,103,6336
MLB,2019,MLB,ATH,ATH,Tokyo Dome,2,99,99,99,99,98,101,98,99,102,101,100,99,99,77,121,181
MLB,2019,MLB,TBR,TBR,Tropicana Field,81,96,93,96,95,96,94,101,96,97,108,104,98,98,93,99,6107
MLB,2019,MLB,ATL,ATL,SunTrust Park,81,100,100,100,101,103,99,93,99,98,102,98,102,101,96,102,6128
MLB,2019,MLB,LAD,LAD,Dodger Stadium,81,98,97,96,97,94,97,65,111,95,104,102,97,100,109,114,5924
MLB,2019,MLB,CHC,CHC,Wrigley Field,81,99,98,99,97,98,90,117,101,103,103,102,99,99,98,103,6067
MLB,2019,MLB,NYY,NYY,Yankee Stadium,81,101,101,99,97,95,92,64,117,104,103,99,99,101,115,120,5981
MLB,2019,MLB,MIA,MIA,Marlins Park,81,96,92,99,98,102,97,123,79,100,100,110,98,95,75,82,6144
MLB,2020,MLB,MIL,MIL,Miller Park,29,100,100,99,97,95,94,100,109,103,108,99,100,102,106,112,2084
MLB,2020,MLB,LAA,LAA,Angel Stadium,31,99,98,98,98,98,91,80,105,99,103,105,99,99,103,108,2386
MLB,2020,MLB,STL,STL,Busch Stadium,27,97,95,99,100,104,98,86,85,98,94,103,97,95,83,87,1902
MLB,2020,MLB,ARI,ARI,Chase Field,30,101,102,101,103,101,113,181,89,100,97,93,101,101,83,94,2273
MLB,2020,MLB,NYM,NYM,Citi Field,29,97,94,97,95,96,90,76,100,100,106,112,98,98,97,103,2196
MLB,2020,MLB,PHI,PHI,Citizens Bank Park,32,102,104,100,101,99,97,111,113,98,104,97,102,104,110,116,2357
MLB,2020,MLB,DET,DET,Comerica Park,27,101,101,101,102,103,98,172,94,100,94,98,100,99,92,97,1950
MLB,2020,MLB,COL,COL,Coors Field,30,112,123,110,115,112,121,218,111,99,91,91,111,112,109,114,2330
MLB,2020,MLB,HOU,HOU,Minute Maid Park,28,99,98,97,97,94,95,99,109,99,107,92,99,101,105,112,1995
MLB,2020,MLB,BOS,BOS,Fenway Park,31,105,108,105,107,105,122,105,94,100,97,106,106,105,92,97,2473
MLB,2020,MLB,TEX,TEX,Globe Life Field,30,98,97,98,98,98,94,92,103,99,101,95,98,99,100,107,2236
MLB,2020,MLB,CIN,CIN,Great American Ball Park,29,104,107,102,100,96,99,83,121,104,104,104,103,106,118,124,2094
MLB,2020,MLB,KCR,KCR,Kauffman Stadium,30,102,103,103,105,107,109,144,86,101,90,100,101,99,83,88,2220
MLB,2020,MLB,WSN,WSN,Nationals Park,33,102,104,102,103,103,100,87,108,99,97,98,102,102,105,111,2335
MLB,2020,MLB,ATH,ATH,Oakland Coliseum,32,96,92,97,96,96,103,97,87,99,98,97,95,94,84,90,2327
MLB,2020,MLB,SFG,SFG,Oracle Park,33,96,92,98,99,103,100,157,76,97,98,89,98,95,73,78,2505
MLB,2020,MLB,BAL,BAL,Oriole Park at Camden Yards,34,105,110,103,104,102,97,85,123,99,94,104,102,105,120,126,2493
MLB,2020,MLB,PIT,PIT,PNC Park,32,100,100,102,102,103,110,106,85,101,95,110,100,98,83,88,2353
MLB,2020,MLB,SDP,SDP,Petco Park,32,97,95,98,96,97,93,87,97,102,103,96,97,97,94,100,2285
MLB,2020,MLB,CLE,CLE,Progressive Field,30,100,100,100,100,99,107,77,99,101,101,94,100,100,96,102,2198
MLB,2020,MLB,CHW,CHW,Guaranteed Rate Field,30,101,101,100,99,100,92,83,107,102,100,107,100,100,104,109,2211
MLB,2020,MLB,TOR,TOR,Sahlen Field,27,100,99,100,99,100,97,87,99,105,99,96,99,99,95,104,1992
MLB,2020,MLB,SEA,SEA,T-Mobile Park,24,95,91,95,93,93,88,62,101,99,110,101,96,97,98,103,1725
MLB,2020,MLB,MIN,MIN,Target Field,31,102,104,102,103,102,109,98,101,101,97,101,102,102,98,103,2202
MLB,2020,MLB,TBR,TBR,Tropicana Field,29,96,94,96,96,96,94,101,96,97,108,104,98,98,94,100,2141
MLB,2020,MLB,ATL,ATL,Truist Park,30,100,100,100,101,103,100,93,99,98,102,99,102,101,97,102,2295
MLB,2020,MLB,LAD,LAD,Dodger Stadium,30,98,98,96,97,94,97,65,112,95,104,103,97,100,109,114,2188
MLB,2020,MLB,CHC,CHC,Wrigley Field,33,99,98,99,97,98,91,117,101,103,103,102,99,99,98,104,2318
MLB,2020,MLB,NYY,NYY,Yankee Stadium,31,101,102,99,97,95,92,64,118,104,103,100,99,102,115,120,2260
MLB,2020,MLB,MIA,MIA,Marlins Park,26,99,97,100,99,101,100,125,88,100,99,113,99,98,84,93,1828
MLB,2021,MLB,MIL,MIL,American Family Field,81,100,100,99,97,95,94,101,109,103,108,98,100,102,105,112,6055
MLB,2021,MLB,LAA,LAA,Angel Stadium,82,99,98,98,98,98,91,80,105,99,103,105,99,99,102,108,6147
MLB,2021,MLB,STL,STL,Busch Stadium,81,97,95,99,100,105,98,86,85,98,94,102,98,95,82,87,5882
MLB,2021,MLB,ARI,ARI,Chase Field,81,101,102,102,103,101,113,182,89,100,97,93,101,101,83,93,6215
MLB,2021,MLB,NYM,NYM,Citi Field,83,97,94,97,95,97,90,76,99,101,106,112,98,98,97,102,5628
MLB,2021,MLB,PHI,PHI,Citizens Bank Park,82,102,104,100,101,100,97,112,113,98,104,97,102,104,110,116,5968
MLB,2021,MLB,DET,DET,Comerica Park,81,101,102,101,102,103,98,172,94,100,93,98,100,99,92,96,6025
MLB,2021,MLB,COL,COL,Coors Field,81,112,123,110,115,112,121,218,111,99,90,90,111,112,108,114,6115
MLB,2021,MLB,HOU,HOU,Minute Maid Park,81,99,98,97,97,95,95,100,108,99,107,92,99,101,104,112,6159
MLB,2021,MLB,BOS,BOS,Fenway Park,81,105,109,105,107,106,121,106,94,100,97,106,106,105,92,97,6178
MLB,2021,MLB,CHW,CHW,Field of Dreams,1,106,111,103,104,100,99,94,128,101,99,102,104,107,105,153,79
MLB,2021,MLB,TEX,TEX,Globe Life Field,81,98,97,98,98,98,94,91,103,99,101,95,98,98,99,107,6006
MLB,2021,MLB,CIN,CIN,Great American Ball Park,82,103,107,102,100,96,99,84,120,105,104,104,103,105,117,124,6207
MLB,2021,MLB,CLE,CLE,BB&T Ballpark,1,99,98,101,101,104,102,98,87,100,104,100,102,100,73,103,65
MLB,2021,MLB,KCR,KCR,Kauffman Stadium,81,102,103,103,105,107,109,143,85,101,90,99,101,99,83,88,6113
MLB,2021,MLB,WSN,WSN,Nationals Park,83,102,104,102,103,103,100,88,108,99,97,97,102,102,105,111,5900
MLB,2021,MLB,ATH,ATH,Oakland Coliseum,81,96,92,97,96,96,103,97,87,99,98,97,95,94,84,89,5996
MLB,2021,MLB,SFG,SFG,Oracle Park,81,96,93,98,99,103,100,157,76,97,98,89,98,95,73,78,5985
MLB,2021,MLB,BAL,BAL,Oriole Park at Camden Yards,81,105,110,103,104,103,97,86,123,99,94,104,102,104,120,126,6169
MLB,2021,MLB,PIT,PIT,PNC Park,81,100,100,102,102,103,110,106,85,101,95,109,100,98,82,87,6070
MLB,2021,MLB,SDP,SDP,Petco Park,82,97,95,98,96,97,93,87,97,102,103,95,97,97,94,100,6095
MLB,2021,MLB,CLE,CLE,Progressive Field,80,100,100,100,100,99,107,77,98,101,101,94,100,100,95,101,5780
MLB,2021,MLB,CHW,CHW,Guaranteed Rate Field,81,101,101,100,100,100,92,84,107,102,99,106,100,100,104,109,5805
MLB,2021,MLB,TOR,TOR,Rogers Centre,36,102,103,100,100,96,108,73,111,99,99,104,100,102,109,115,2617
MLB,2021,MLB,TOR,TOR,Sahlen Field,23,100,99,100,99,100,97,87,99,105,99,96,99,99,95,104,1731
MLB,2021,MLB,SEA,SEA,T-Mobile Park,81,95,91,95,93,94,88,62,101,99,110,101,96,97,98,103,5946
MLB,2021,MLB,TOR,TOR,TD Ballpark,21,103,107,101,101,96,98,79,125,100,105,110,103,106,120,130,1669
MLB,2021,MLB,MIN,MIN,Target Field,81,102,104,102,103,102,109,98,101,101,96,101,102,102,98,103,6076
MLB,2021,MLB,TBR,TBR,Tropicana Field,81,96,94,97,96,96,94,102,96,98,107,104,98,98,93,100,5924
MLB,2021,MLB,ATL,ATL,Truist Park,80,100,101,101,102,103,100,94,99,98,102,98,102,101,96,102,5864
MLB,2021,MLB,LAD,LAD,Dodger Stadium,81,98,97,96,97,94,97,66,111,95,104,102,97,99,109,114,5891
MLB,2021,MLB,CHC,CHC,Wrigley Field,81,99,98,99,98,98,91,118,101,103,103,102,99,99,98,103,6038
MLB,2021,MLB,NYY,NYY,Yankee Stadium,81,101,101,99,97,95,92,64,117,104,103,99,99,101,115,120,5955
MLB,2021,MLB,MIA,MIA,loanDepot park,81,99,97,100,100,101,100,126,88,100,99,113,99,98,83,93,5977
AAA,2021,IL,MEM,STL,AutoZone Park,64,100,100,100,101,104,96,94,101,98,95,96,99,99,97,105,4809
AAA,2021,IL,STP,MIN,CHS Field,67,105,109,102,103,98,105,86,123,100,102,103,104,107,119,127,4995
AAA,2021,PCL,TAC,SEA,Cheney Stadium,65,101,101,100,99,98,94,79,111,104,100,103,99,101,107,114,4909
AAA,2021,PCL,OKC,LAD,Chickasaw Bricktown Ballpark,64,98,96,100,98,101,98,120,82,105,99,96,98,96,78,85,4905
AAA,2021,IL,LHV,PHI,Coca-Cola Park,66,98,95,99,96,97,98,87,91,105,100,101,97,96,87,94,4943
AAA,2021,PCL,SUG,HOU,Constellation Field,65,93,86,95,90,93,88,93,84,103,103,106,92,91,80,88,4709
AAA,2021,PCL,RR,TEX,Dell Diamond,65,95,92,96,96,98,91,100,92,99,106,93,97,97,89,96,4903
AAA,2021,IL,DUR,TBR,Durham Bulls Athletic Park,65,99,99,97,97,94,96,72,118,95,113,101,102,104,113,122,4683
AAA,2021,IL,ROC,WSN,Frontier Field,63,98,96,98,99,101,95,104,94,97,101,93,99,98,90,98,4579
AAA,2021,IL,TOL,DET,Fifth Third Field,65,95,91,96,95,93,108,144,79,97,111,93,99,98,75,82,4850
AAA,2021,IL,NAS,MIL,First Horizon Park,67,93,86,96,94,100,88,118,72,100,101,99,94,91,69,74,4929
AAA,2021,PCL,RNO,ARI,Greater Nevada Field,57,111,121,109,113,111,117,171,110,103,87,93,108,109,106,114,4642
AAA,2021,IL,GWN,ATL,Coolray Field,65,93,87,96,96,102,89,85,77,97,98,93,94,91,74,81,4583
AAA,2021,IL,NOR,BAL,Harbor Park,65,95,92,97,96,99,94,86,88,99,102,93,96,95,85,92,4701
AAA,2021,IL,COL,CLE,Huntington Park,63,100,100,99,98,94,105,63,111,101,102,95,99,101,107,116,4772
AAA,2021,PCL,ABQ,COL,Isotopes Park,68,112,123,109,114,110,113,208,119,99,91,98,110,112,115,123,5012
AAA,2021,PCL,LV,ATH,Las Vegas Ballpark,65,113,125,109,113,107,114,123,139,99,95,105,111,115,135,144,5298
AAA,2021,IL,LOU,CIN,Louisville Slugger Field,64,100,100,100,100,100,98,105,102,98,99,102,99,100,98,107,4649
AAA,2021,IL,SYR,NYM,NBT Bank Stadium,61,102,103,100,99,97,94,77,121,100,95,108,97,100,116,126,4651
AAA,2021,IL,SWB,NYY,PNC Field,66,97,95,97,95,95,92,79,102,100,104,107,97,97,98,106,4656
AAA,2021,IL,WOR,BOS,Polar Park,66,99,98,100,99,100,101,77,98,99,103,110,100,100,94,102,4635
AAA,2021,IL,IOW,CHC,Principal Park,65,103,105,102,101,96,114,96,107,102,102,108,102,104,102,111,4821
AAA,2021,IL,BUF,TOR,Sahlen Field,23,96,92,98,95,98,93,85,88,104,101,95,96,95,84,92,1699
AAA,2021,PCL,SL,LAA,Smith's Ballpark,65,105,110,105,108,110,107,154,97,99,91,100,105,104,92,101,5058
AAA,2021,PCL,ELP,SDP,Southwest University Park,68,110,118,107,111,107,116,140,117,100,91,97,108,109,114,121,5096
AAA,2021,PCL,SAC,SFG,Sutter Health Park,67,99,98,99,98,97,101,75,100,101,103,104,99,99,97,104,5283
AAA,2021,IL,BUF,TOR,Trenton Thunder Ballpark,44,98,95,99,99,101,101,100,85,100,100,102,99,97,75,95,3055
AAA,2021,IL,CLT,CHW,Truist Field,65,106,111,103,104,100,99,76,132,99,101,101,105,108,129,137,4983
AAA,2021,IL,IND,PIT,Victory Field,64,95,90,97,95,98,96,124,78,100,104,100,97,95,75,82,4859
AAA,2021,IL,JAX,MIA,121 Financial Ballpark,65,94,89,95,92,94,85,99,92,98,109,112,95,95,88,96,4677
AAA,2021,IL,OMA,KCR,Werner Park,66,102,104,101,102,101,99,93,112,100,96,96,101,102,107,116,5016
AA,2021,EL,AKR,CLE,Canal Park,60,95,90,97,95,97,98,119,77,101,98,101,95,92,73,81,4387
AA,2021,SL,CHA,CIN,AT&T Field,53,103,105,103,103,100,114,120,94,104,100,108,103,103,89,99,4068
AA,2021,TL,NWA,KCR,Arvest Ballpark,59,104,107,103,103,101,104,128,105,104,96,104,102,103,100,110,4329
AA,2021,SL,PNS,MIA,Blue Wahoos Stadium,61,98,96,98,97,96,96,102,100,98,105,102,99,99,95,104,4325
AA,2021,SL,MTG,TBR,Montgomery Riverwalk Stadium,59,98,96,98,98,97,98,134,96,98,105,99,99,99,92,100,4170
AA,2021,EL,POR,BOS,Hadlock Field,56,101,102,101,101,98,114,98,97,100,104,104,103,103,93,102,4054
AA,2021,EL,NH,TOR,Delta Dental Stadium,58,101,103,100,101,98,107,106,104,100,100,96,101,102,99,109,4220
AA,2021,TL,ARK,SEA,Dickey-Stephens Park,60,91,82,94,91,98,85,96,70,99,106,104,94,90,66,73,4479
AA,2021,EL,HFD,COL,Dunkin' Donuts Park,61,103,105,101,102,99,107,86,114,97,106,101,105,106,110,118,4503
AA,2021,TL,WCH,MIN,Riverfront Stadium,61,106,111,105,106,107,102,96,114,101,93,99,104,104,110,119,4585
AA,2021,EL,HBG,WSN,FNB Field,62,96,92,96,96,97,89,117,95,96,101,102,96,95,90,100,4441
AA,2021,EL,REA,PHI,FirstEnergy Stadium,54,107,113,103,104,96,110,109,135,100,98,101,103,108,130,140,3998
AA,2021,TL,AMA,ARI,Hodgetown,60,120,139,111,117,104,115,128,180,101,94,94,114,123,174,186,4601
AA,2021,SL,BLX,MIL,MGM Park,56,102,104,101,102,102,95,91,113,100,94,107,99,100,109,117,3992
AA,2021,EL,BNG,NYM,Mirabito Stadium,52,95,92,95,95,94,99,107,92,96,110,98,98,98,88,96,3835
AA,2021,TL,MID,ATH,Momentum Bank Ballpark,60,102,103,104,107,112,112,120,77,100,96,94,105,102,73,80,4557
AA,2021,TL,SA,SDP,Nelson Wolff Stadium,61,93,86,97,96,100,101,112,63,98,102,104,96,92,59,66,4355
AA,2021,TL,TUL,LAD,ONEOK Field,61,102,103,101,99,99,89,73,117,103,96,114,99,100,113,122,4693
AA,2021,EL,ALT,PIT,Peoples Natural Gas Field,56,99,97,100,100,103,99,134,83,100,92,105,97,95,79,86,4182
AA,2021,EL,BOW,BAL,Prince George's Stadium,60,102,105,99,99,94,95,79,130,101,102,94,100,104,126,135,4521
AA,2021,SL,BIR,CHW,Regions Field,61,98,96,100,100,105,94,120,82,101,98,101,99,97,78,86,4196
AA,2021,TL,FRI,TEX,Riders Field,60,103,106,103,103,103,98,94,109,103,98,100,102,103,104,114,4342
AA,2021,TL,SPR,STL,Hammons Field,62,106,111,104,105,105,97,78,123,104,96,97,104,106,118,128,4824
AA,2021,SL,TNS,CHC,Smokies Stadium,60,103,105,102,102,101,102,83,111,100,97,110,101,102,106,117,4469
AA,2021,EL,SOM,NYY,TD Bank Ballpark,57,96,94,95,95,93,95,74,106,97,102,91,95,96,102,111,4041
AA,2021,EL,RIC,SFG,The Diamond,60,98,96,98,97,96,102,88,97,100,103,95,98,99,93,102,4394
AA,2021,SL,RCT,LAA,Toyota Field,52,100,100,99,98,98,88,72,117,99,105,104,100,102,113,121,3815
AA,2021,SL,MIS,ATL,Trustmark Park,56,91,82,95,94,103,91,99,57,100,104,85,95,89,52,60,3889
AA,2021,EL,ERI,DET,UPMC Park,60,100,100,99,100,96,113,115,100,97,102,89,100,101,96,105,4350
AA,2021,TL,CC,HOU,Whataburger Field,60,100,100,100,98,99,88,90,110,103,101,105,99,100,106,114,4452
A+,2021,MWL,BEL,MIA,ABC Supply Stadium,24,95,90,97,95,98,96,104,81,99,104,99,97,95,77,85,1792
A+,2021,SAL,ROM,ATL,State Mutual Stadium,58,92,85,95,95,102,89,100,66,97,99,96,94,90,62,70,4021
A+,2021,NWL,SPO,COL,Avista Stadium,57,110,118,106,110,106,109,85,135,99,95,95,108,111,129,141,4420
A+,2021,SAL,BG,TBR,Bowling Green Ballpark,58,102,104,99,100,98,92,80,130,94,105,111,102,105,125,134,4298
A+,2021,MWL,LC,CLE,Classic Park,60,101,102,99,98,96,92,72,125,101,101,90,99,101,119,132,4273
A+,2021,MWL,DAY,CIN,Day Air Ballpark,61,102,104,101,100,98,101,101,111,102,101,106,101,103,106,117,4372
A+,2021,MWL,GL,LAD,Dow Diamond,60,98,95,99,96,97,94,95,95,104,102,101,98,97,91,100,4583
A+,2021,MWL,PEO,STL,Dozer Park,61,100,100,100,101,102,99,96,101,98,101,100,101,101,96,105,4519
A+,2021,NWL,EVE,SEA,Funko Field,58,109,118,104,106,96,113,89,146,101,105,108,108,114,140,152,4639
A+,2021,SAL,GBO,PIT,First National Bank Field,60,109,117,103,103,96,86,62,173,102,101,106,104,112,167,180,4669
A+,2021,SAL,GVL,BOS,Fluor Field at the West End,61,106,111,103,106,103,104,96,126,98,102,91,106,109,120,132,4597
A+,2021,MWL,SB,CHC,Four Winds Field,62,98,96,99,98,100,98,93,89,102,100,103,98,97,85,94,4538
A+,2021,SAL,WIL,WSN,Frawley Stadium,62,95,90,98,96,101,93,120,73,101,97,94,95,92,69,77,4491
A+,2021,NWL,TRI,LAA,Gesa Stadium,59,95,90,97,97,101,96,105,76,98,108,102,100,97,72,79,4402
A+,2021,SAL,HV,NYY,Dutchess Stadium,60,95,92,97,94,93,99,103,88,101,104,107,96,95,83,93,4516
A+,2021,NWL,HIL,ARI,Ron Tonkin Field,123,97,94,98,98,100,100,151,75,99,96,98,96,94,71,78,9101
A+,2021,SAL,ASH,HOU,McCormick Field,59,119,136,113,118,107,133,57,159,104,93,100,115,121,152,166,4580
A+,2021,MWL,LAN,ATH,Jackson Field,60,107,113,106,109,107,113,146,103,101,88,105,104,104,98,109,4590
A+,2021,SAL,HIC,TEX,L.P. Frans Stadium,60,102,104,100,102,102,89,88,123,99,103,92,103,104,118,128,4358
A+,2021,MWL,WM,DET,LMCU Ballpark,62,95,90,97,96,100,94,87,80,98,94,102,93,91,76,85,4514
A+,2021,SAL,BRK,NYM,Maimonides Park,58,92,85,94,92,93,97,134,69,98,107,95,95,92,65,73,4176
A+,2021,MWL,QC,KCR,Modern Woodmen Park,60,98,96,99,98,98,100,117,90,101,102,100,99,98,86,96,4511
A+,2021,MWL,WIS,MIL,Neuroscience Group Field,61,103,105,103,103,101,108,109,98,103,93,103,100,100,93,103,4576
A+,2021,NWL,EUG,SFG,PK Park,52,102,104,99,101,97,103,70,125,94,108,107,104,107,120,131,3871
A+,2021,MWL,FW,SDP,Parkview Field,60,99,97,100,99,99,105,96,88,101,101,103,100,98,84,93,4528
A+,2021,MWL,BEL,MIA,Pohlman Field,36,104,107,102,103,100,101,101,118,100,99,101,102,104,104,131,2840
A+,2021,SAL,ABD,BAL,Leidos Field at Ripken Stadium,61,97,94,98,97,98,94,131,87,101,106,95,99,98,82,92,4434
A+,2021,SAL,JS,PHI,FirstEnergy Park,61,94,88,96,94,98,92,106,77,100,106,98,96,94,73,81,4246
A+,2021,SAL,WS,CHW,Truist Stadium,60,102,104,102,102,102,98,124,102,103,96,103,101,101,98,106,4495
A+,2021,MWL,CR,MIN,Perfect Game Field,60,101,101,100,101,100,99,110,102,100,96,100,99,99,98,107,4459
A,2021,CAR,DEL,BAL,Arthur W. Perdue Stadium,61,96,92,98,96,100,86,100,83,103,104,93,98,96,79,87,4469
A,2021,CAR,KAN,CHW,Atrium Health Ballpark,60,100,100,101,102,104,95,131,92,99,101,96,102,101,87,98,4806
A,2021,CAL,STK,ATH,Banner Island Ballpark,57,106,113,103,105,100,103,76,149,98,103,104,106,110,143,155,4463
A,2021,FSL,CLR,PHI,BayCare Ballpark,64,99,98,98,97,95,95,96,112,99,103,107,98,100,107,118,4805
A,2021,CAR,SAL,BOS,Haley Toyota Field,60,101,102,102,104,106,112,114,76,100,91,92,100,98,72,81,4594
A,2021,CAL,FRE,COL,Chukchansi Park,60,102,105,101,104,104,103,103,107,96,95,99,101,102,102,113,4619
A,2021,CAR,LYN,CLE,Bank of the James Stadium,61,100,100,99,101,99,109,107,93,99,95,90,98,98,87,98,4552
A,2021,FSL,SLU,NYM,Clover Park,58,100,100,101,99,100,94,102,99,103,98,104,99,99,94,105,4287
A,2021,CAL,SJ,SFG,Excite Ballpark,60,104,107,103,105,106,103,91,106,100,95,102,103,103,101,111,4627
A,2021,CAR,CAR,MIL,Five County Stadium,59,102,105,101,103,100,113,90,107,98,100,104,102,103,101,114,4565
A,2021,FSL,TAM,NYY,George M. Steinbrenner Field,68,103,105,101,101,99,99,77,124,102,97,102,100,102,119,129,4881
A,2021,CAR,DE,TEX,Grainger Stadium,61,93,88,94,92,94,85,83,97,96,111,102,96,96,91,104,4446
A,2021,FSL,DBT,CIN,Jackie Robinson Ballpark,64,102,104,100,100,94,115,112,109,101,103,99,102,104,104,114,4492
A,2021,CAL,MOD,SEA,John Thurman Field,55,100,99,101,102,102,114,129,67,100,100,104,102,99,62,71,4429
A,2021,CAR,CHS,TBR,"Joseph P. Riley, Jr. Ballpark",61,95,90,97,95,99,91,101,81,100,100,99,95,93,77,86,4389
A,2021,FSL,BRD,PIT,LECOM Park,60,101,103,100,98,95,100,85,122,102,100,106,99,101,115,128,4488
A,2021,FSL,FTM,MIN,Hammond Stadium,61,98,96,100,98,101,95,95,88,104,99,95,98,97,83,92,4275
A,2021,CAL,RC,LAD,LoanMart Field,60,107,114,104,107,103,108,119,130,98,99,102,106,109,124,136,4751
A,2021,CAR,MB,CHC,TicketReturn.com Field,61,96,92,98,95,99,90,98,85,101,102,101,96,95,80,90,4434
A,2021,FSL,LAK,DET,Publix Field at Joker Marchant Stadium,61,100,100,100,99,97,99,124,100,102,98,97,98,99,95,106,4298
A,2021,FSL,PMB,STL,Roger Dean Chevrolet Stadium,123,97,93,98,97,100,94,91,85,101,100,101,97,96,81,89,8946
A,2021,CAR,FAY,HOU,SEGRA Stadium,63,97,95,97,95,95,91,81,110,100,105,103,97,98,104,116,4606
A,2021,CAR,AUG,ATL,SRP Park,60,99,99,98,98,96,93,90,119,98,105,95,99,101,113,124,4479
A,2021,CAL,IE,LAA,San Manuel Stadium,60,103,107,103,106,105,104,173,88,98,101,98,106,105,83,93,4635
A,2021,CAR,COL,KCR,Segra Park,59,100,100,100,101,103,92,114,102,98,95,98,99,98,97,108,4524
A,2021,FSL,DUN,TOR,TD Ballpark,49,100,100,99,97,94,98,78,123,99,106,109,100,102,118,128,3452
A,2021,CAL,LE,SDP,The Diamond,60,104,109,104,106,102,120,124,90,102,93,101,103,103,86,95,4715
A,2021,CAL,VIS,ARI,Valley Strong Ballpark,60,103,106,101,102,100,101,87,124,98,106,106,105,107,118,130,4803
A,2021,CAR,FBG,WSN,FredNats Ballpark,61,100,99,101,100,102,98,89,93,103,98,98,99,98,88,99,4607
MLB,2022,MLB,MIL,MIL,American Family Field,81,100,100,99,97,95,94,101,110,103,108,99,100,102,107,113,6036
MLB,2022,MLB,LAA,LAA,Angel Stadium,81,99,98,98,98,99,91,80,106,100,103,105,99,99,103,109,5988
MLB,2022,MLB,STL,STL,Busch Stadium,81,98,95,100,100,104,97,86,85,98,94,102,98,96,83,87,5979
MLB,2022,MLB,ARI,ARI,Chase Field,81,102,103,102,103,101,113,182,89,100,97,93,102,101,84,94,6009
MLB,2022,MLB,NYM,NYM,Citi Field,81,97,94,97,95,97,89,76,100,101,106,112,97,98,98,103,5966
MLB,2022,MLB,PHI,PHI,Citizens Bank Park,81,102,104,100,101,100,97,112,114,98,104,97,102,104,111,117,6018
MLB,2022,MLB,DET,DET,Comerica Park,82,101,102,101,102,103,98,173,95,100,93,98,100,99,92,97,6062
MLB,2022,MLB,COL,COL,Coors Field,81,113,124,110,116,112,121,219,112,99,90,90,112,113,109,115,6321
MLB,2022,MLB,HOU,HOU,Minute Maid Park,81,99,98,97,97,95,95,100,109,99,107,92,99,101,106,113,5838
MLB,2022,MLB,BOS,BOS,Fenway Park,81,105,109,105,107,106,121,106,95,100,97,106,106,105,92,97,6170
MLB,2022,MLB,CIN,CIN,Field of Dreams,1,106,111,103,103,100,99,95,129,102,99,102,103,107,106,155,78
MLB,2022,MLB,TEX,TEX,Globe Life Field,81,98,97,98,98,98,94,92,104,99,101,95,98,98,100,108,6102
MLB,2022,MLB,CIN,CIN,Great American Ball Park,80,103,107,101,100,97,99,84,122,105,104,104,102,105,118,125,6082
MLB,2022,MLB,BAL,BAL,Muncy Bank Ballpark,1,99,99,101,101,104,102,99,88,100,104,100,103,101,73,104,72
MLB,2022,MLB,KCR,KCR,Kauffman Stadium,81,102,104,104,105,107,109,144,86,101,89,99,101,100,83,89,6113
MLB,2022,MLB,WSN,WSN,Nationals Park,81,102,105,102,103,103,100,88,109,99,97,97,102,102,106,112,6107
MLB,2022,MLB,ATH,ATH,Oakland Coliseum,80,96,93,97,96,96,102,97,87,99,98,97,95,95,85,90,5930
MLB,2022,MLB,SFG,SFG,Oracle Park,81,97,93,98,100,103,100,157,76,97,98,89,98,96,74,79,6087
MLB,2022,MLB,BAL,BAL,Oriole Park at Camden Yards,80,100,99,100,101,103,97,90,96,98,96,102,100,99,91,102,6010
MLB,2022,MLB,PIT,PIT,PNC Park,81,101,101,102,102,103,110,106,85,101,95,109,101,99,82,88,6134
MLB,2022,MLB,SDP,SDP,Petco Park,81,97,95,98,96,97,93,87,98,102,103,95,97,97,95,100,5961
MLB,2022,MLB,CLE,CLE,Progressive Field,81,100,100,100,100,99,107,77,99,101,101,94,100,101,96,102,6008
MLB,2022,MLB,CHW,CHW,Guaranteed Rate Field,81,101,101,100,100,101,92,84,108,102,99,106,100,100,105,110,6145
MLB,2022,MLB,TOR,TOR,Rogers Centre,81,102,103,100,100,96,108,73,112,99,99,104,100,102,110,116,6012
MLB,2022,MLB,SEA,SEA,T-Mobile Park,81,95,91,95,93,94,88,63,102,99,110,101,96,97,99,104,5934
MLB,2022,MLB,MIN,MIN,Target Field,82,103,105,102,103,102,109,98,101,101,96,101,102,102,98,104,6089
MLB,2022,MLB,TBR,TBR,Tropicana Field,81,96,94,97,96,96,94,102,97,98,107,104,98,98,94,100,5872
MLB,2022,MLB,ATL,ATL,Truist Park,81,101,101,101,102,103,99,94,100,98,102,98,102,102,97,103,5994
MLB,2022,MLB,LAD,LAD,Dodger Stadium,81,98,97,96,96,94,97,66,112,95,104,102,97,99,110,115,5954
MLB,2022,MLB,CHC,CHC,Wrigley Field,81,99,98,99,98,98,91,119,102,103,103,102,99,99,99,104,6052
MLB,2022,MLB,NYY,NYY,Yankee Stadium,81,100,101,99,97,95,92,64,119,104,103,99,98,101,116,121,5977
MLB,2022,MLB,MIA,MIA,loanDepot park,81,99,98,100,100,101,100,126,89,100,99,113,100,98,84,94,6046
AAA,2022,IL,MEM,STL,AutoZone Park,78,100,100,100,101,104,96,94,100,98,95,96,99,99,96,104,5638
AAA,2022,IL,STP,MIN,CHS Field,76,105,109,102,103,98,105,87,123,100,102,103,104,107,119,127,5502
AAA,2022,PCL,TAC,SEA,Cheney Stadium,75,101,101,100,99,98,94,80,110,104,100,103,99,100,107,114,5767
AAA,2022,PCL,OKC,LAD,Chickasaw Bricktown Ballpark,75,98,96,100,98,101,98,120,82,105,99,96,98,96,78,85,5886
AAA,2022,IL,LHV,PHI,Coca-Cola Park,74,98,96,99,96,97,98,87,91,105,100,101,97,96,87,94,5638
AAA,2022,PCL,SUG,HOU,Constellation Field,73,93,87,95,90,93,88,93,83,103,103,107,92,91,80,88,5642
AAA,2022,PCL,RR,TEX,Dell Diamond,75,96,92,96,96,98,91,100,92,99,106,93,97,97,89,96,5763
AAA,2022,IL,DUR,TBR,Durham Bulls Athletic Park,75,99,99,97,97,94,97,72,118,95,113,101,101,104,114,122,5795
AAA,2022,IL,ROC,WSN,Frontier Field,75,98,96,98,99,101,95,105,94,97,101,93,99,98,90,98,5479
AAA,2022,IL,TOL,DET,Fifth Third Field,78,95,91,96,95,93,108,145,79,97,111,94,99,98,75,82,5761
AAA,2022,IL,NAS,MIL,First Horizon Park,76,93,87,96,94,100,88,119,71,100,101,99,94,91,69,74,5690
AAA,2022,PCL,RNO,ARI,Greater Nevada Field,70,111,121,109,113,111,117,172,110,103,87,93,108,109,106,114,5509
AAA,2022,IL,GWN,ATL,Coolray Field,75,93,88,96,96,102,90,85,77,96,98,93,95,91,74,81,5470
AAA,2022,IL,NOR,BAL,Harbor Park,75,96,92,97,96,99,94,86,88,99,102,94,96,95,84,92,5809
AAA,2022,IL,COL,CLE,Huntington Park,73,100,100,99,98,94,105,64,111,101,102,95,99,100,107,116,5499
AAA,2022,PCL,ABQ,COL,Isotopes Park,77,112,123,109,114,110,113,210,119,99,91,98,110,112,115,123,6063
AAA,2022,PCL,LV,ATH,Las Vegas Ballpark,75,113,125,109,113,107,114,123,139,99,95,105,111,115,135,143,6064
AAA,2022,IL,LOU,CIN,Louisville Slugger Field,75,100,100,100,100,100,98,105,102,98,99,102,99,100,98,107,5734
AAA,2022,IL,SYR,NYM,NBT Bank Stadium,74,102,103,100,99,97,94,78,121,100,94,108,97,100,116,126,5623
AAA,2022,IL,SWB,NYY,PNC Field,76,97,95,97,95,95,92,79,102,100,104,107,97,97,98,106,5498
AAA,2022,IL,WOR,BOS,Polar Park,75,99,99,100,99,100,101,78,98,99,103,110,101,100,94,102,5675
AAA,2022,IL,IOW,CHC,Principal Park,76,103,105,102,101,96,114,96,107,102,102,109,102,104,103,111,5789
AAA,2022,IL,BUF,TOR,Sahlen Field,73,96,92,98,95,98,94,86,88,103,101,95,96,95,84,92,5256
AAA,2022,PCL,SL,LAA,Smith's Ballpark,75,105,110,105,108,110,108,154,97,99,91,100,105,104,92,101,5841
AAA,2022,PCL,ELP,SDP,Southwest University Park,76,110,118,107,111,107,116,140,117,100,91,97,108,109,113,121,6003
AAA,2022,PCL,SAC,SFG,Sutter Health Park,78,99,98,99,98,97,101,75,100,101,103,104,99,99,97,104,5976
AAA,2022,IL,CLT,CHW,Truist Field,75,106,111,103,104,101,99,76,132,99,101,101,105,108,129,137,5917
AAA,2022,IL,IND,PIT,Victory Field,76,95,91,97,96,98,96,125,78,100,104,100,97,95,75,82,5684
AAA,2022,IL,JAX,MIA,121 Financial Ballpark,77,94,89,95,92,94,86,99,92,98,109,112,95,95,88,96,5486
AAA,2022,IL,OMA,KCR,Werner Park,75,102,104,101,102,101,99,93,112,100,96,97,101,102,107,116,5707
AA,2022,EL,AKR,CLE,Canal Park,70,95,91,97,95,97,98,119,77,101,98,101,95,92,73,81,5148
AA,2022,SL,CHA,CIN,AT&T Field,68,103,105,103,102,100,113,119,94,104,100,108,103,103,89,99,5398
AA,2022,TL,NWA,KCR,Arvest Ballpark,68,103,107,103,103,101,104,128,105,104,96,103,102,103,100,109,5548
AA,2022,SL,PNS,MIA,Blue Wahoos Stadium,69,98,96,98,97,96,96,101,100,98,105,102,99,99,95,104,5236
AA,2022,SL,MTG,TBR,Montgomery Riverwalk Stadium,65,98,97,98,98,97,98,135,96,98,105,99,99,99,92,100,4692
AA,2022,EL,POR,BOS,Hadlock Field,69,101,102,101,101,98,113,97,98,100,104,104,103,103,93,102,5144
AA,2022,EL,NH,TOR,Delta Dental Stadium,70,101,103,100,101,98,107,106,104,100,100,96,101,102,100,109,5150
AA,2022,TL,ARK,SEA,Dickey-Stephens Park,69,91,83,94,92,98,85,96,70,99,107,104,94,90,67,73,5176
AA,2022,EL,HFD,COL,Dunkin' Donuts Park,69,102,105,101,102,99,106,86,114,97,106,101,105,106,110,118,5187
AA,2022,TL,WCH,MIN,Riverfront Stadium,70,105,110,104,106,107,101,96,114,101,93,98,104,104,110,119,5295
AA,2022,EL,HBG,WSN,FNB Field,70,96,93,96,96,97,89,117,95,96,101,102,96,95,90,100,5224
AA,2022,EL,REA,PHI,FirstEnergy Stadium,69,107,113,103,104,96,109,108,135,100,97,101,103,108,131,140,5212
AA,2022,TL,AMA,ARI,Hodgetown,69,119,138,111,117,104,115,127,180,101,94,93,114,123,174,186,5638
AA,2022,SL,BLX,MIL,MGM Park,66,102,104,101,102,102,95,91,113,100,93,107,99,100,109,117,5046
AA,2022,EL,BNG,NYM,Mirabito Stadium,66,95,92,95,95,94,99,107,92,96,110,98,98,98,88,97,4998
AA,2022,TL,MID,ATH,Momentum Bank Ballpark,68,102,104,104,107,112,112,120,77,100,96,94,105,102,73,80,5235
AA,2022,TL,SA,SDP,Nelson Wolff Stadium,67,93,87,97,96,100,101,112,63,98,102,104,96,92,59,66,5078
AA,2022,TL,TUL,LAD,ONEOK Field,70,102,103,101,99,99,89,73,117,103,96,113,98,100,112,122,5193
AA,2022,EL,ALT,PIT,Peoples Natural Gas Field,69,99,97,100,100,103,99,133,83,100,92,105,97,95,79,86,5131
AA,2022,EL,BOW,BAL,Prince George's Stadium,68,102,105,99,99,94,95,78,131,101,102,94,100,104,126,135,5130
AA,2022,SL,BIR,CHW,Regions Field,70,98,96,100,100,105,94,120,82,101,98,100,99,97,78,86,5371
AA,2022,TL,FRI,TEX,Riders Field,69,103,106,103,103,104,98,94,109,102,98,101,102,103,104,114,5286
AA,2022,TL,SPR,STL,Hammons Field,69,106,111,104,105,105,96,78,123,104,96,97,104,106,118,128,5472
AA,2022,SL,TNS,CHC,Smokies Stadium,71,103,105,102,102,101,102,82,111,100,97,110,101,102,106,116,5370
AA,2022,EL,SOM,NYY,TD Bank Ballpark,69,96,94,95,95,93,95,74,107,97,102,91,95,96,102,111,4990
AA,2022,EL,RIC,SFG,The Diamond,68,98,96,98,97,96,102,87,97,100,103,95,98,99,93,102,5096
AA,2022,SL,RCT,LAA,Toyota Field,70,100,100,99,98,98,88,72,117,99,106,104,100,102,113,121,5077
AA,2022,SL,MIS,ATL,Trustmark Park,67,91,82,95,94,103,91,99,57,100,104,85,95,90,52,60,4999
AA,2022,EL,ERI,DET,UPMC Park,69,100,100,99,100,96,113,115,100,97,102,89,100,101,96,105,5118
AA,2022,TL,CC,HOU,Whataburger Field,68,100,100,100,98,99,88,90,110,103,101,105,99,100,106,114,5304
A+,2022,MWL,BEL,MIA,ABC Supply Stadium,65,95,91,97,96,98,96,106,81,99,104,99,97,95,77,85,4775
A+,2022,SAL,ROM,ATL,AdventHealth Stadium,63,93,85,96,95,102,88,102,66,97,99,96,94,90,62,70,4751
A+,2022,NWL,SPO,COL,Avista Stadium,66,109,118,106,110,107,110,88,134,99,95,95,108,110,129,141,4972
A+,2022,SAL,BG,TBR,Bowling Green Ballpark,65,102,104,99,100,98,92,82,130,95,105,111,102,104,125,135,4870
A+,2022,MWL,LC,CLE,Classic Park,63,100,101,99,98,96,93,73,125,101,101,90,98,101,119,132,4598
A+,2022,MWL,DAY,CIN,Day Air Ballpark,67,102,104,101,100,98,101,103,111,102,101,105,101,103,106,117,4713
A+,2022,MWL,GL,LAD,Dow Diamond,66,98,96,99,96,97,94,98,95,104,102,101,98,97,91,100,4842
A+,2022,MWL,PEO,STL,Dozer Park,66,100,100,100,101,102,99,98,101,98,101,100,101,101,96,106,5082
A+,2022,NWL,EVE,SEA,Funko Field,66,109,118,104,106,97,114,92,146,101,105,108,108,114,141,152,5110
A+,2022,MWL,QC,KCR,Field of Dreams,1,103,106,101,101,98,97,93,124,101,100,101,101,104,102,150,72
A+,2022,SAL,GBO,PIT,First National Bank Field,64,108,116,102,102,96,86,64,174,102,101,106,103,111,168,181,5035
A+,2022,SAL,GVL,BOS,Fluor Field at the West End,67,105,111,103,106,103,104,98,127,98,102,91,106,109,121,132,5210
A+,2022,MWL,SB,CHC,Four Winds Field,66,98,96,100,98,100,98,95,89,102,99,103,98,97,84,93,4910
A+,2022,SAL,WIL,WSN,Frawley Stadium,67,95,91,98,97,101,93,121,73,101,97,94,95,93,68,77,4776
A+,2022,NWL,TRI,LAA,Gesa Stadium,66,96,91,98,97,101,96,107,76,98,107,102,100,97,72,79,4737
A+,2022,SAL,HV,NYY,Dutchess Stadium,67,96,92,97,94,93,98,106,88,101,104,107,96,96,83,93,4864
A+,2022,NWL,HIL,ARI,Ron Tonkin Field,66,97,94,99,98,100,99,153,74,99,96,98,97,95,71,78,4894
A+,2022,SAL,ASH,HOU,McCormick Field,66,118,136,113,118,108,135,59,159,104,93,100,115,120,152,166,5230
A+,2022,MWL,LAN,ATH,Jackson Field,65,107,114,106,109,107,113,148,103,100,87,105,104,104,97,108,5030
A+,2022,SAL,HIC,TEX,L.P. Frans Stadium,66,102,104,100,102,102,89,90,123,99,103,92,103,104,117,128,4940
A+,2022,MWL,WM,DET,LMCU Ballpark,67,95,90,97,96,100,93,89,80,98,94,101,94,91,75,85,4856
A+,2022,SAL,BRK,NYM,Maimonides Park,66,93,86,95,93,94,97,137,69,99,107,95,95,93,66,74,4697
A+,2022,MWL,QC,KCR,Modern Woodmen Park,65,98,97,99,98,98,100,120,90,101,102,100,99,99,86,95,5108
A+,2022,MWL,WIS,MIL,Neuroscience Group Field,65,103,105,103,103,102,108,111,98,103,92,103,100,100,93,103,4741
A+,2022,NWL,EUG,SFG,PK Park,64,102,104,99,101,97,103,72,125,94,108,108,103,106,120,131,4513
A+,2022,MWL,FW,SDP,Parkview Field,66,99,98,100,99,100,105,99,88,101,101,103,100,99,83,92,4776
A+,2022,SAL,ABD,BAL,Leidos Field at Ripken Stadium,69,97,95,98,97,98,94,134,87,101,106,95,99,99,82,93,4815
A+,2022,NWL,VAN,TOR,Nat Bailey Stadium,66,97,94,98,96,96,102,82,90,101,98,102,95,95,87,95,4826
A+,2022,SAL,JS,PHI,ShoreTown Ballpark,66,94,89,96,95,98,91,108,77,100,105,98,97,94,73,81,4854
A+,2022,SAL,WS,CHW,Truist Stadium,67,102,105,102,102,103,98,126,102,103,95,102,101,101,98,107,4982
A+,2022,MWL,CR,MIN,Perfect Game Field,66,101,101,100,101,100,99,112,102,100,95,99,99,99,98,106,4785
A,2022,CAR,DEL,BAL,Arthur W. Perdue Stadium,65,96,92,98,96,100,86,99,83,103,104,93,98,96,79,88,5057
A,2022,CAR,KAN,CHW,Atrium Health Ballpark,67,100,100,101,102,104,95,131,92,99,101,96,102,101,87,98,5156
A,2022,CAL,STK,ATH,Banner Island Ballpark,66,106,113,103,105,100,103,76,149,99,103,104,106,110,143,155,5427
A,2022,FSL,CLR,PHI,BayCare Ballpark,67,99,98,98,97,95,95,96,112,99,103,107,98,100,107,118,4790
A,2022,CAR,SAL,BOS,Carilion Clinic Field,67,101,102,102,104,106,112,114,76,100,91,92,100,98,72,81,5130
A,2022,CAL,FRE,COL,Chukchansi Park,66,102,105,101,104,104,103,103,107,96,95,99,101,102,102,113,5108
A,2022,CAR,LYN,CLE,Bank of the James Stadium,64,100,100,99,101,99,109,107,93,99,95,89,98,98,87,98,4662
A,2022,FSL,SLU,NYM,Clover Park,65,100,100,101,99,100,94,102,99,103,98,104,99,98,94,105,4712
A,2022,CAL,SJ,SFG,Excite Ballpark,66,104,107,103,105,106,102,91,106,100,95,102,103,103,101,111,5259
A,2022,CAR,CAR,MIL,Five County Stadium,66,102,105,101,103,100,113,90,107,98,100,104,102,103,100,114,5088
A,2022,FSL,TAM,NYY,George M. Steinbrenner Field,67,102,105,101,101,99,99,77,124,102,97,102,100,102,119,129,4288
A,2022,CAR,DE,TEX,Grainger Stadium,67,93,88,94,92,94,85,82,97,96,111,102,96,96,91,104,4805
A,2022,FSL,DBT,CIN,Jackie Robinson Ballpark,66,102,104,100,100,94,115,112,109,101,103,99,102,104,104,114,4655
A,2022,CAL,MOD,SEA,John Thurman Field,66,100,99,101,102,102,114,128,67,100,100,104,102,99,62,71,5296
A,2022,CAR,CHS,TBR,"Joseph P. Riley, Jr. Ballpark",66,95,90,97,95,98,90,100,81,100,100,99,95,93,76,86,4914
A,2022,FSL,BRD,PIT,LECOM Park,67,101,103,100,98,95,100,85,122,102,100,106,99,101,115,128,4981
A,2022,FSL,FTM,MIN,Hammond Stadium,65,98,96,100,98,100,95,94,88,104,99,95,98,97,83,92,4271
A,2022,CAL,RC,LAD,LoanMart Field,67,107,114,104,107,103,109,119,129,98,99,102,106,109,124,136,5401
A,2022,CAR,MB,CHC,Pelicans Ballpark,67,96,92,98,95,98,90,99,85,101,102,101,96,95,80,89,4956
A,2022,FSL,LAK,DET,Publix Field at Joker Marchant Stadium,67,100,100,100,98,97,100,124,100,102,98,97,98,99,95,106,4619
A,2022,FSL,PMB,STL,Roger Dean Chevrolet Stadium,132,97,93,98,97,100,94,90,85,101,100,100,97,96,81,89,9532
A,2022,CAR,FAY,HOU,SEGRA Stadium,66,97,95,97,95,95,91,81,110,100,105,102,97,98,104,116,4904
A,2022,CAR,AUG,ATL,SRP Park,68,99,99,98,97,96,92,90,119,99,105,95,99,101,113,124,5063
A,2022,CAL,IE,LAA,San Manuel Stadium,67,103,107,103,106,106,104,173,88,98,101,98,106,105,83,93,5229
A,2022,CAR,COL,KCR,Segra Park,66,100,100,100,101,103,92,114,102,98,95,98,99,98,97,108,5118
A,2022,FSL,DUN,TOR,TD Ballpark,66,100,100,99,97,94,98,78,123,100,106,109,100,102,118,128,4859
A,2022,CAL,LE,SDP,The Diamond,66,104,109,104,106,103,120,124,90,102,93,101,103,103,85,95,5259
A,2022,CAL,VIS,ARI,Valley Strong Ballpark,66,103,106,101,102,100,101,87,124,98,106,106,105,107,118,130,5325
A,2022,CAR,FBG,WSN,Virginia Credit Union Stadium,69,100,99,101,100,101,98,89,93,103,98,98,99,98,88,99,5140
MLB,2023,MLB,MIL,MIL,American Family Field,81,100,100,99,97,95,94,101,109,103,108,99,100,102,106,112,6000
MLB,2023,MLB,LAA,LAA,Angel Stadium,81,99,98,98,98,99,91,81,106,99,103,105,99,99,103,109,6169
MLB,2023,MLB,STL,STL,Busch Stadium,80,98,95,99,100,105,98,87,85,98,94,102,98,95,83,87,6130
MLB,2023,MLB,ARI,ARI,Chase Field,81,102,103,102,103,101,112,182,89,100,97,93,102,101,83,94,6095
MLB,2023,MLB,NYM,NYM,Citi Field,82,97,95,97,95,97,90,77,100,101,106,112,98,98,97,103,6035
MLB,2023,MLB,PHI,PHI,Citizens Bank Park,81,102,104,100,101,100,97,112,114,98,104,97,102,104,111,117,6080
MLB,2023,MLB,DET,DET,Comerica Park,82,101,102,101,102,102,95,174,100,100,96,98,100,100,95,105,6126
MLB,2023,MLB,COL,COL,Coors Field,81,113,123,110,115,112,120,219,112,99,90,90,111,112,109,115,6358
MLB,2023,MLB,HOU,HOU,Minute Maid Park,81,99,98,97,97,95,95,100,109,99,107,92,99,101,105,113,6135
MLB,2023,MLB,SDP,SDP,Estadio Alfredo Harp Helu,2,112,122,106,108,100,101,108,154,102,99,102,108,114,127,184,167
MLB,2023,MLB,BOS,BOS,Fenway Park,82,105,109,105,107,106,121,106,95,100,96,106,106,105,92,97,6232
MLB,2023,MLB,TEX,TEX,Globe Life Field,81,98,98,98,98,98,94,92,104,99,101,95,98,98,100,107,6158
MLB,2023,MLB,CIN,CIN,Great American Ball Park,82,104,107,102,100,97,99,84,122,105,104,104,103,105,118,125,6209
MLB,2023,MLB,WSN,WSN,Muncy Bank Ballpark,1,99,98,101,101,104,102,99,88,100,104,100,102,100,74,104,68
MLB,2023,MLB,KCR,KCR,Kauffman Stadium,81,102,104,104,105,107,109,144,86,101,89,99,101,99,83,89,6224
MLB,2023,MLB,STL,STL,London Stadium,2,105,110,105,107,107,109,99,103,102,95,103,105,105,83,125,154
MLB,2023,MLB,WSN,WSN,Nationals Park,81,103,105,102,103,103,100,88,108,99,97,97,102,102,105,111,6111
MLB,2023,MLB,ATH,ATH,Oakland Coliseum,81,96,93,97,96,96,102,98,87,99,98,97,95,95,85,90,6139
MLB,2023,MLB,SFG,SFG,Oracle Park,81,96,93,98,99,103,100,158,76,97,98,89,98,95,73,79,5920
MLB,2023,MLB,BAL,BAL,Oriole Park at Camden Yards,81,100,99,100,101,104,98,90,96,98,96,102,100,99,91,102,5955
MLB,2023,MLB,PIT,PIT,PNC Park,81,101,101,102,102,103,110,106,86,101,95,109,101,99,83,88,6117
MLB,2023,MLB,SDP,SDP,Petco Park,79,97,95,98,96,97,93,88,97,102,103,95,97,97,95,100,5877
MLB,2023,MLB,CLE,CLE,Progressive Field,82,100,100,100,100,99,107,77,99,101,101,94,100,101,96,102,6037
MLB,2023,MLB,CHW,CHW,Guaranteed Rate Field,81,101,101,101,100,101,92,84,107,102,99,106,100,100,105,110,6170
MLB,2023,MLB,TOR,TOR,Rogers Centre,81,101,102,100,100,96,105,71,110,99,100,104,100,101,104,115,6084
MLB,2023,MLB,SEA,SEA,T-Mobile Park,81,95,91,95,93,94,88,63,101,99,110,101,96,97,99,104,6009
MLB,2023,MLB,MIN,MIN,Target Field,81,103,105,102,103,102,109,98,101,101,96,101,102,102,98,104,6074
MLB,2023,MLB,TBR,TBR,Tropicana Field,81,96,94,97,96,96,94,103,97,98,107,104,98,98,94,100,5989
MLB,2023,MLB,ATL,ATL,Truist Park,81,101,101,101,102,103,100,94,100,98,102,98,102,102,97,102,6117
MLB,2023,MLB,LAD,LAD,Dodger Stadium,81,98,97,96,97,94,97,66,112,95,104,102,97,99,109,115,6039
MLB,2023,MLB,CHC,CHC,Wrigley Field,81,99,98,99,98,98,91,119,101,103,103,102,99,99,99,104,6130
MLB,2023,MLB,NYY,NYY,Yankee Stadium,81,101,102,99,97,95,92,64,118,104,102,99,99,101,116,122,5980
MLB,2023,MLB,MIA,MIA,loanDepot park,81,99,98,100,100,101,100,127,89,100,99,113,100,98,84,94,6037
AAA,2023,IL,MEM,STL,AutoZone Park,75,100,100,100,101,104,96,94,100,98,95,96,99,99,96,104,5932
AAA,2023,IL,STP,MIN,CHS Field,75,104,108,102,103,98,105,87,123,100,102,103,104,107,119,127,5787
AAA,2023,PCL,TAC,SEA,Cheney Stadium,75,101,101,100,98,98,94,79,110,103,100,103,99,100,106,114,5896
AAA,2023,PCL,OKC,LAD,Chickasaw Bricktown Ballpark,73,98,96,100,98,101,98,119,82,105,99,96,98,96,78,85,5713
AAA,2023,IL,LHV,PHI,Coca-Cola Park,74,98,96,99,96,97,98,87,91,105,100,101,97,96,87,94,5654
AAA,2023,PCL,SUG,HOU,Constellation Field,75,93,87,95,90,93,88,92,83,103,103,107,92,91,80,87,5751
AAA,2023,PCL,RR,TEX,Dell Diamond,76,96,92,97,96,98,91,100,92,99,106,93,97,97,89,96,5869
AAA,2023,IL,DUR,TBR,Durham Bulls Athletic Park,76,99,98,97,98,94,97,73,118,95,114,102,101,104,114,122,5856
AAA,2023,IL,ROC,WSN,Innovative Field,73,98,96,98,99,101,95,105,94,97,101,93,99,98,90,98,5816
AAA,2023,IL,TOL,DET,Fifth Third Field,74,95,91,96,95,93,108,145,79,97,112,94,99,98,75,82,5706
AAA,2023,IL,NAS,MIL,First Horizon Park,74,93,87,96,94,100,88,118,71,100,101,99,94,91,69,74,5760
AAA,2023,PCL,RNO,ARI,Greater Nevada Field,75,111,120,109,113,110,116,172,110,103,87,93,108,109,106,114,6267
AAA,2023,IL,GWN,ATL,Coolray Field,73,94,88,96,96,102,90,84,77,97,98,93,95,91,74,81,5607
AAA,2023,IL,NOR,BAL,Harbor Park,75,96,92,97,96,99,94,86,88,99,102,94,96,95,84,92,5685
AAA,2023,IL,COL,CLE,Huntington Park,74,100,100,99,98,94,105,63,111,101,102,95,99,100,107,116,5605
AAA,2023,PCL,ABQ,COL,Isotopes Park,75,111,122,108,114,110,112,209,119,99,91,98,110,112,115,123,6154
AAA,2023,PCL,LV,ATH,Las Vegas Ballpark,75,113,124,108,113,106,114,124,139,99,95,105,111,115,135,143,6144
AAA,2023,IL,LOU,CIN,Louisville Slugger Field,76,100,100,100,100,100,98,105,102,98,99,103,99,100,98,106,5965
AAA,2023,IL,SYR,NYM,NBT Bank Stadium,71,101,103,100,99,97,94,77,121,100,94,108,97,100,116,125,5628
AAA,2023,IL,SWB,NYY,PNC Field,75,97,95,97,95,95,92,79,102,100,104,107,97,97,98,106,5637
AAA,2023,IL,WOR,BOS,Polar Park,77,99,99,100,99,100,101,78,98,99,103,111,100,100,94,101,5793
AAA,2023,IL,IOW,CHC,Principal Park,75,103,105,102,101,96,114,95,107,102,102,108,102,104,102,110,5805
AAA,2023,IL,BUF,TOR,Sahlen Field,72,96,93,98,95,98,94,86,88,103,101,96,96,95,84,92,5627
AAA,2023,PCL,SL,LAA,Smith's Ballpark,75,105,109,105,108,110,107,154,97,99,91,100,105,104,92,101,5804
AAA,2023,PCL,ELP,SDP,Southwest University Park,75,109,118,107,111,107,116,139,117,100,91,97,108,109,113,121,6142
AAA,2023,PCL,SAC,SFG,Sutter Health Park,75,99,98,99,98,97,101,74,100,101,103,104,99,99,97,104,5902
AAA,2023,IL,CLT,CHW,Truist Field,75,106,110,103,104,100,99,77,132,99,101,102,105,108,128,137,5907
AAA,2023,IL,IND,PIT,Victory Field,74,95,91,97,96,98,96,126,78,100,104,100,97,95,75,81,5738
AAA,2023,IL,JAX,MIA,121 Financial Ballpark,74,94,89,95,92,94,85,99,92,98,109,112,95,95,88,96,5434
AAA,2023,IL,OMA,KCR,Werner Park,74,102,104,101,102,101,99,91,111,100,96,97,101,102,107,116,5814
AA,2023,EL,AKR,CLE,Canal Park,70,95,91,97,95,97,98,118,77,101,98,101,95,93,73,81,5182
AA,2023,SL,CHA,CIN,AT&T Field,70,103,105,103,102,100,113,119,94,104,100,108,103,103,89,99,5331
AA,2023,TL,NWA,KCR,Arvest Ballpark,70,104,107,103,103,101,104,127,105,104,96,103,102,103,101,110,5312
AA,2023,SL,PNS,MIA,Blue Wahoos Stadium,70,98,96,98,97,96,96,102,100,99,105,102,99,99,96,104,5321
AA,2023,SL,MTG,TBR,Montgomery Riverwalk Stadium,70,98,97,98,98,97,98,134,96,98,105,100,99,100,92,101,5180
AA,2023,EL,POR,BOS,Hadlock Field,69,101,102,101,101,98,114,98,98,100,104,104,103,103,93,102,5212
AA,2023,EL,NH,TOR,Delta Dental Stadium,65,101,103,100,101,98,107,106,105,100,100,96,101,102,100,109,4750
AA,2023,TL,ARK,SEA,Dickey-Stephens Park,69,91,83,95,92,98,85,95,70,99,106,104,94,90,67,73,5198
AA,2023,EL,HFD,COL,Dunkin' Park,68,102,105,101,102,99,107,86,114,97,106,101,105,106,110,118,5148
AA,2023,TL,WCH,MIN,Riverfront Stadium,69,105,110,104,106,107,102,96,114,101,93,98,104,104,110,119,5431
AA,2023,EL,HBG,WSN,FNB Field,67,96,93,96,96,97,89,116,95,96,101,102,96,95,90,100,4944
AA,2023,EL,REA,PHI,FirstEnergy Stadium,71,106,113,103,104,96,110,109,135,100,97,100,103,108,131,140,5195
AA,2023,TL,AMA,ARI,Hodgetown,70,119,138,111,117,104,115,128,181,101,94,94,114,123,175,187,5427
AA,2023,SL,BLX,MIL,MGM Park,68,102,104,101,102,102,95,92,114,100,93,107,99,100,109,118,5145
AA,2023,EL,BNG,NYM,Mirabito Stadium,69,95,92,96,95,94,99,107,92,96,110,98,98,98,88,97,4965
AA,2023,TL,MID,ATH,Momentum Bank Ballpark,69,102,104,104,107,112,112,120,77,100,96,94,106,102,73,80,5421
AA,2023,TL,SA,SDP,Nelson Wolff Stadium,70,94,87,97,96,100,101,112,63,98,102,104,96,92,59,66,5227
AA,2023,TL,TUL,LAD,ONEOK Field,69,102,103,101,99,99,89,72,117,104,96,113,98,100,113,122,5249
AA,2023,EL,ALT,PIT,Peoples Natural Gas Field,69,99,98,100,100,103,99,133,83,100,92,105,97,95,79,86,5171
AA,2023,EL,BOW,BAL,Prince George's Stadium,69,102,104,99,99,94,95,79,131,101,102,95,100,104,126,136,5242
AA,2023,SL,BIR,CHW,Regions Field,70,98,96,100,100,105,94,119,82,101,98,100,100,97,78,86,5485
AA,2023,TL,FRI,TEX,Riders Field,69,103,106,103,103,104,98,94,109,102,97,101,102,103,105,114,5328
AA,2023,TL,SPR,STL,Hammons Field,69,106,111,104,105,105,97,78,123,104,96,97,104,106,118,128,5268
AA,2023,SL,TNS,CHC,Smokies Stadium,68,103,105,102,102,101,102,82,111,100,96,111,101,102,106,117,5130
AA,2023,EL,SOM,NYY,TD Bank Ballpark,69,96,94,95,95,93,95,73,107,97,102,91,95,96,102,111,5079
AA,2023,EL,RIC,SFG,The Diamond,69,98,96,98,97,96,102,88,97,100,103,95,98,99,93,102,5144
AA,2023,SL,RCT,LAA,Toyota Field,69,100,100,99,98,98,89,72,117,99,105,104,100,102,113,121,5193
AA,2023,SL,MIS,ATL,Trustmark Park,69,91,83,96,94,103,91,99,57,100,104,85,95,90,52,60,4995
AA,2023,EL,ERI,DET,UPMC Park,69,100,100,99,100,96,113,115,101,97,102,89,100,101,96,105,5286
AA,2023,TL,CC,HOU,Whataburger Field,68,100,100,100,98,99,88,90,110,103,101,106,99,100,106,114,5137
A+,2023,MWL,BEL,MIA,ABC Supply Stadium,66,96,91,97,96,98,96,106,81,99,104,99,97,96,77,85,5069
A+,2023,SAL,ROM,ATL,AdventHealth Stadium,66,93,86,96,95,102,88,102,66,97,99,96,94,91,62,70,4868
A+,2023,NWL,SPO,COL,Avista Stadium,66,109,118,106,110,107,110,87,136,99,95,95,108,110,130,142,5108
A+,2023,SAL,BG,TBR,Bowling Green Ballpark,68,101,103,99,100,98,92,82,131,95,105,111,101,104,126,136,4931
A+,2023,MWL,LC,CLE,Classic Auto Group Park,65,100,101,99,98,96,93,73,126,101,101,90,98,101,120,133,4526
A+,2023,MWL,DAY,CIN,Day Air Ballpark,66,102,104,101,100,98,101,103,112,102,101,105,101,103,106,118,5003
A+,2023,MWL,GL,LAD,Dow Diamond,65,98,96,99,96,97,94,97,96,104,102,101,98,97,91,101,4892
A+,2023,MWL,PEO,STL,Dozer Park,66,100,101,100,101,102,99,97,101,98,101,100,101,101,97,106,4939
A+,2023,NWL,EVE,SEA,Funko Field,65,109,117,104,106,97,114,92,147,101,104,108,108,113,142,153,4966
A+,2023,SAL,GBO,PIT,First National Bank Field,63,107,115,102,102,96,87,64,176,102,101,106,103,110,169,182,4786
A+,2023,SAL,GVL,BOS,Fluor Field at the West End,67,105,111,103,106,103,105,98,127,98,102,91,106,108,121,133,5037
A+,2023,MWL,SB,CHC,Four Winds Field,66,98,96,100,98,100,98,95,89,102,99,103,98,97,85,94,4944
A+,2023,SAL,WIL,WSN,Frawley Stadium,65,96,91,98,97,101,93,121,73,101,97,94,96,93,69,77,4867
A+,2023,NWL,TRI,LAA,Gesa Stadium,73,96,92,98,98,101,96,107,76,98,108,102,100,98,72,80,5408
A+,2023,SAL,HV,NYY,Heritage Financial Park,67,96,92,97,94,93,99,105,88,101,104,107,96,96,84,93,4911
A+,2023,NWL,HIL,ARI,Ron Tonkin Field,66,97,95,99,99,100,99,153,75,99,96,98,97,95,71,79,5188
A+,2023,SAL,ASH,HOU,McCormick Field,64,118,135,112,118,108,134,59,160,104,93,100,115,120,154,167,4994
A+,2023,MWL,LAN,ATH,Jackson Field,67,107,114,106,109,107,113,148,103,100,87,105,104,104,98,109,5094
A+,2023,SAL,HIC,TEX,L.P. Frans Stadium,62,102,104,100,102,102,89,89,124,99,103,92,102,104,118,129,4588
A+,2023,MWL,WM,DET,LMCU Ballpark,65,95,91,97,96,100,93,89,80,98,94,101,94,92,76,86,4680
A+,2023,SAL,BRK,NYM,Maimonides Park,65,93,87,95,93,93,97,136,69,99,107,95,95,93,66,74,4850
A+,2023,MWL,QC,KCR,Modern Woodmen Park,67,99,97,99,98,98,100,120,91,101,102,100,99,99,86,96,5045
A+,2023,MWL,WIS,MIL,Neuroscience Group Field,66,103,105,103,103,101,108,111,99,103,92,102,100,100,94,104,5047
A+,2023,NWL,EUG,SFG,PK Park,61,102,104,99,101,97,104,72,126,94,108,108,103,106,121,132,4635
A+,2023,MWL,FW,SDP,Parkview Field,67,99,98,100,99,100,105,98,88,101,101,102,100,99,84,93,4962
A+,2023,SAL,ABD,BAL,Leidos Field at Ripken Stadium,66,97,95,98,97,98,94,133,87,101,106,95,100,99,82,93,4974
A+,2023,NWL,VAN,TOR,Rogers Field at Nat Bailey Stadium,62,97,94,98,96,96,102,81,91,101,98,102,95,95,87,96,4630
A+,2023,SAL,JS,PHI,ShoreTown Ballpark,66,95,89,97,95,98,91,108,77,100,105,98,97,95,73,82,4721
A+,2023,SAL,WS,CHW,Truist Stadium,66,102,105,102,102,103,98,126,102,103,95,102,101,101,98,106,4826
A+,2023,MWL,CR,MIN,Rise 2 Greatness Field,66,101,101,100,101,100,99,112,103,100,95,99,99,99,98,107,4876
A,2023,CAR,DEL,BAL,Arthur W. Perdue Stadium,63,96,92,98,96,100,86,99,83,103,105,93,98,96,78,87,4798
A,2023,CAR,KAN,CHW,Atrium Health Ballpark,68,100,101,101,102,104,95,130,92,99,101,96,102,101,86,98,4879
A,2023,CAL,STK,ATH,Banner Island Ballpark,66,106,112,103,105,101,104,77,149,99,103,104,106,109,143,155,5288
A,2023,FSL,CLR,PHI,BayCare Ballpark,65,99,98,98,97,95,95,96,112,99,104,107,98,99,107,118,5000
A,2023,CAR,SAL,BOS,Carilion Clinic Field,64,101,102,102,104,105,111,114,76,100,91,92,100,98,71,80,4866
A,2023,CAL,FRE,COL,Chukchansi Park,66,102,104,101,104,104,103,103,107,96,95,99,101,102,102,113,5003
A,2023,CAR,LYN,CLE,Bank of the James Stadium,65,100,100,99,101,99,109,108,92,98,95,90,98,98,87,98,5002
A,2023,FSL,SLU,NYM,Clover Park,75,100,99,100,99,100,94,102,99,103,98,104,99,98,94,104,5438
A,2023,CAL,SJ,SFG,Excite Ballpark,66,103,107,103,105,106,102,92,106,100,95,102,103,103,101,110,5235
A,2023,CAR,CAR,MIL,Five County Stadium,65,102,105,101,103,100,114,90,107,98,100,104,102,103,100,114,4668
A,2023,FSL,TAM,NYY,George M. Steinbrenner Field,64,102,104,101,100,99,99,77,124,102,97,102,100,101,119,129,4900
A,2023,CAR,DE,TEX,Grainger Stadium,67,93,87,94,92,94,85,83,97,96,111,102,96,95,91,104,4761
A,2023,FSL,DBT,CIN,Jackie Robinson Ballpark,66,102,104,100,100,94,115,113,109,101,104,98,102,104,103,114,4942
A,2023,CAL,MOD,SEA,John Thurman Field,66,100,100,101,102,102,114,128,67,100,100,104,102,100,62,71,5098
A,2023,CAR,CHS,TBR,"Joseph P. Riley, Jr. Ballpark",66,95,91,97,95,98,90,100,80,100,100,99,95,94,76,85,4806
A,2023,FSL,BRD,PIT,LECOM Park,65,101,102,100,98,95,101,85,122,101,100,106,98,101,115,128,4927
A,2023,FSL,FTM,MIN,Hammond Stadium,66,98,96,100,98,100,95,95,87,104,99,95,98,97,83,92,5181
A,2023,CAL,RC,LAD,LoanMart Field,66,106,113,104,107,103,108,120,129,98,99,102,106,108,123,136,5131
A,2023,CAR,MB,CHC,Pelicans Ballpark,67,96,92,98,95,98,90,99,84,101,102,101,96,95,80,89,4887
A,2023,FSL,LAK,DET,Publix Field at Joker Marchant Stadium,65,100,100,100,98,97,99,124,99,102,98,97,98,99,94,105,4998
A,2023,FSL,JUP,MIA,Roger Dean Chevrolet Stadium,83,97,93,98,97,100,93,90,84,101,100,101,97,96,81,88,5877
A,2023,CAR,FAY,HOU,SEGRA Stadium,68,97,94,97,95,95,91,82,110,100,105,103,97,98,104,116,4937
A,2023,CAR,AUG,ATL,SRP Park,68,99,98,98,97,96,93,90,119,98,105,95,99,101,113,124,4864
A,2023,CAL,IE,LAA,San Manuel Stadium,66,103,107,103,106,106,103,172,88,98,101,98,106,106,83,93,5076
A,2023,CAR,COL,KCR,Segra Park,64,100,100,100,101,103,92,114,102,98,95,98,99,98,97,107,4728
A,2023,FSL,DUN,TOR,TD Ballpark,68,100,100,99,97,94,98,79,123,100,106,109,99,102,118,128,5015
A,2023,FSL,JUP,MIA,The Ballpark of the Palm Beaches,42,99,99,100,100,101,104,91,92,99,95,101,98,97,78,104,3011
A,2023,CAL,LE,SDP,The Diamond,63,104,109,104,106,103,120,125,90,102,93,101,103,103,85,95,4825
A,2023,CAL,VIS,ARI,Valley Strong Ballpark,66,102,105,101,102,100,101,87,124,98,106,106,105,106,118,130,5259
A,2023,CAR,FBG,WSN,Virginia Credit Union Stadium,68,100,99,101,100,101,98,90,93,103,98,98,99,98,88,99,5013
MLB,2024,MLB,MIL,MIL,American Family Field,81,100,100,99,97,96,94,102,110,104,108,98,100,102,107,113,5974
MLB,2024,MLB,LAA,LAA,Angel Stadium,81,99,98,98,98,99,91,81,106,99,103,105,99,99,103,109,6056
MLB,2024,MLB,STL,STL,Busch Stadium,81,98,95,100,100,104,98,86,85,98,94,102,98,95,83,87,5935
MLB,2024,MLB,ARI,ARI,Chase Field,81,102,103,102,103,101,112,183,89,100,97,93,102,101,83,94,6219
MLB,2024,MLB,NYM,NYM,Citi Field,80,97,94,97,95,97,90,76,100,101,106,112,98,98,97,103,5993
MLB,2024,MLB,PHI,PHI,Citizens Bank Park,80,102,104,100,101,100,97,113,114,98,104,97,102,104,111,117,5982
MLB,2024,MLB,DET,DET,Comerica Park,80,101,103,101,102,102,95,176,100,100,96,98,100,100,95,105,5865
MLB,2024,MLB,COL,COL,Coors Field,79,113,124,110,116,112,120,219,112,99,90,90,112,112,109,115,6109
MLB,2024,MLB,HOU,HOU,Minute Maid Park,81,99,98,97,97,95,95,101,109,99,107,92,99,101,105,113,6046
MLB,2024,MLB,COL,COL,Estadio Alfredo Harp Helu,2,112,122,106,108,100,101,107,155,102,99,102,108,114,128,186,157
MLB,2024,MLB,BOS,BOS,Fenway Park,82,105,109,105,107,106,122,107,95,100,96,106,106,105,92,97,6164
MLB,2024,MLB,TEX,TEX,Globe Life Field,81,98,97,98,98,98,94,91,104,99,101,95,98,98,100,108,5956
MLB,2024,MLB,LAD,LAD,Gocheok Sky Dome,2,101,102,103,103,105,103,109,90,103,97,101,102,100,72,111,182
MLB,2024,MLB,CIN,CIN,Great American Ball Park,81,104,107,102,100,97,99,85,122,105,104,104,102,105,119,125,6064
MLB,2024,MLB,DET,DET,Journey Bank Ballpark,1,99,98,101,101,104,102,98,88,100,104,100,103,101,74,105,74
MLB,2024,MLB,KCR,KCR,Kauffman Stadium,81,102,104,104,105,107,109,143,86,101,89,99,101,99,83,89,5979
MLB,2024,MLB,NYM,NYM,London Stadium,2,105,110,105,107,107,109,98,103,102,95,103,105,105,84,125,159
MLB,2024,MLB,WSN,WSN,Nationals Park,81,103,105,102,103,103,100,88,108,99,97,97,102,102,105,111,6029
MLB,2024,MLB,ATH,ATH,Oakland Coliseum,81,96,93,97,96,96,102,97,87,99,98,97,95,95,85,90,6099
MLB,2024,MLB,SFG,SFG,Oracle Park,81,97,93,98,100,103,100,158,76,97,98,89,98,96,73,78,6046
MLB,2024,MLB,BAL,BAL,Oriole Park at Camden Yards,81,100,99,100,101,103,98,89,97,98,96,102,100,99,91,102,6103
MLB,2024,MLB,PIT,PIT,PNC Park,81,101,101,102,102,103,110,106,86,101,95,110,101,99,83,89,6141
MLB,2024,MLB,SDP,SDP,Petco Park,80,97,95,98,96,97,93,87,97,102,103,96,97,97,94,100,5888
MLB,2024,MLB,CLE,CLE,Progressive Field,80,100,100,100,100,99,107,77,100,101,101,94,100,101,97,103,5856
MLB,2024,MLB,CHW,CHW,Guaranteed Rate Field,82,101,101,100,99,100,92,84,108,102,99,106,100,100,105,110,6084
MLB,2024,MLB,STL,STL,Rickwood Field,1,107,113,106,108,107,105,101,116,101,96,103,107,107,94,137,73
MLB,2024,MLB,TOR,TOR,Rogers Centre,81,101,102,100,100,96,105,72,110,99,100,104,100,101,104,115,6016
MLB,2024,MLB,SEA,SEA,T-Mobile Park,81,95,91,95,93,94,88,62,101,99,110,101,96,97,99,104,5805
MLB,2024,MLB,MIN,MIN,Target Field,81,103,105,102,103,102,109,98,101,101,96,101,102,102,98,104,6126
MLB,2024,MLB,TBR,TBR,Tropicana Field,81,96,94,97,96,96,94,103,97,98,107,104,98,98,94,100,5995
MLB,2024,MLB,ATL,ATL,Truist Park,81,101,101,101,102,103,99,94,100,98,102,98,102,102,97,103,5991
MLB,2024,MLB,LAD,LAD,Dodger Stadium,80,98,97,96,97,94,97,66,112,95,104,102,97,99,109,115,5909
MLB,2024,MLB,CHC,CHC,Wrigley Field,81,99,98,99,98,98,91,119,101,103,103,102,99,99,99,104,5896
MLB,2024,MLB,NYY,NYY,Yankee Stadium,81,100,101,99,97,95,92,64,119,104,102,100,99,101,116,122,6117
MLB,2024,MLB,MIA,MIA,loanDepot park,81,99,98,100,100,101,100,127,89,100,99,113,100,98,84,94,6320
AAA,2024,IL,MEM,STL,AutoZone Park,76,100,100,100,101,104,96,94,100,98,95,96,99,99,96,104,5724
AAA,2024,IL,STP,MIN,CHS Field,74,104,108,102,103,98,105,87,123,100,102,103,104,106,119,127,5659
AAA,2024,PCL,TAC,SEA,Cheney Stadium,75,101,101,100,98,98,94,79,110,104,100,103,99,100,107,114,5777
AAA,2024,PCL,OKC,LAD,Chickasaw Bricktown Ballpark,76,98,96,100,98,101,98,120,82,105,99,96,99,96,78,85,5768
AAA,2024,IL,LHV,PHI,Coca-Cola Park,76,98,96,99,96,97,98,87,91,105,100,101,97,96,87,94,5694
AAA,2024,PCL,SUG,HOU,Constellation Field,74,93,87,95,90,93,88,93,83,103,103,107,92,91,80,88,5690
AAA,2024,PCL,RR,TEX,Dell Diamond,74,96,92,96,96,98,91,100,92,99,106,93,97,97,89,96,5694
AAA,2024,IL,DUR,TBR,Durham Bulls Athletic Park,75,99,98,97,97,94,97,72,118,95,113,101,101,104,114,122,5788
AAA,2024,IL,ROC,WSN,Innovative Field,74,98,96,98,99,101,95,104,94,97,101,93,99,98,90,98,5485
AAA,2024,IL,TOL,DET,Fifth Third Field,75,95,91,96,95,93,108,145,79,97,112,94,99,98,75,82,5799
AAA,2024,IL,NAS,MIL,First Horizon Park,73,93,87,96,94,100,88,118,71,100,101,99,94,91,69,74,5435
AAA,2024,PCL,RNO,ARI,Greater Nevada Field,74,111,121,109,113,111,117,172,110,103,87,93,108,109,106,114,6075
AAA,2024,IL,GWN,ATL,Coolray Field,74,94,88,96,96,102,90,85,77,97,98,93,95,92,74,81,5633
AAA,2024,IL,NOR,BAL,Harbor Park,75,96,92,97,96,99,94,86,88,99,102,94,97,95,84,92,5580
AAA,2024,IL,COL,CLE,Huntington Park,75,100,100,99,98,94,105,63,111,101,102,95,98,100,107,116,5696
AAA,2024,PCL,ABQ,COL,Isotopes Park,77,112,123,109,114,110,113,210,119,99,91,98,110,112,115,123,6169
AAA,2024,PCL,LV,ATH,Las Vegas Ballpark,75,113,124,108,113,107,114,123,139,99,95,105,111,115,135,144,6022
AAA,2024,IL,LOU,CIN,Louisville Slugger Field,74,100,100,100,100,100,98,105,102,98,99,102,99,100,98,107,5588
AAA,2024,IL,SYR,NYM,NBT Bank Stadium,75,101,103,100,99,97,94,77,121,100,94,108,97,100,117,126,5607
AAA,2024,IL,SWB,NYY,PNC Field,76,97,94,97,95,95,92,79,102,100,104,107,97,97,98,106,5638
AAA,2024,IL,WOR,BOS,Polar Park,75,99,99,100,99,100,101,78,98,99,103,110,101,100,94,102,5752
AAA,2024,IL,IOW,CHC,Principal Park,76,103,105,102,101,96,114,96,107,102,102,109,102,104,103,111,5841
AAA,2024,IL,BUF,TOR,Sahlen Field,76,96,92,98,95,98,93,85,88,103,101,95,96,95,84,92,5720
AAA,2024,PCL,SL,LAA,Smith's Ballpark,75,105,110,105,108,110,107,154,97,98,91,100,105,104,92,101,5830
AAA,2024,PCL,ELP,SDP,Southwest University Park,76,109,118,107,111,107,116,140,117,100,91,97,108,109,113,121,6001
AAA,2024,PCL,SAC,SFG,Sutter Health Park,75,99,98,99,98,97,101,75,100,101,103,104,99,99,97,104,5630
AAA,2024,IL,CLT,CHW,Truist Field,75,105,110,103,104,101,99,76,132,99,101,102,104,108,128,137,5628
AAA,2024,IL,IND,PIT,Victory Field,77,95,91,97,96,98,96,125,78,100,104,100,97,95,75,82,5727
AAA,2024,IL,JAX,MIA,121 Financial Ballpark,75,94,89,95,92,94,86,99,92,98,109,112,95,95,88,96,5576
AAA,2024,IL,OMA,KCR,Werner Park,72,102,104,101,102,101,99,92,112,100,96,97,101,102,107,117,5479
AA,2024,EL,AKR,CLE,Canal Park,69,96,91,97,95,97,98,119,76,101,98,101,95,93,73,80,4959
AA,2024,SL,CHA,CIN,AT&T Field,69,103,106,103,103,101,114,120,94,104,100,108,104,104,89,99,5118
AA,2024,TL,NWA,KCR,Arvest Ballpark,70,103,107,103,103,101,104,129,105,104,96,103,102,103,100,109,5185
AA,2024,SL,PNS,MIA,Blue Wahoos Stadium,69,98,96,98,97,97,96,101,100,99,105,102,98,99,95,104,5115
AA,2024,SL,MTG,TBR,Montgomery Riverwalk Stadium,68,98,97,98,98,97,98,135,96,98,105,100,99,99,92,100,4817
AA,2024,EL,POR,BOS,Hadlock Field,69,101,103,101,101,98,114,98,98,100,104,104,103,103,93,102,5282
AA,2024,EL,NH,TOR,Delta Dental Stadium,70,101,103,100,101,98,107,107,104,100,100,96,101,102,100,109,5094
AA,2024,TL,ARK,SEA,Dickey-Stephens Park,68,92,83,95,92,97,85,96,70,99,107,104,94,91,66,73,4809
AA,2024,EL,HFD,COL,Dunkin' Park,68,102,105,101,102,100,107,86,114,97,106,101,104,106,110,118,5009
AA,2024,TL,WCH,MIN,Riverfront Stadium,69,105,110,104,106,107,101,96,114,101,93,98,104,104,109,118,5288
AA,2024,EL,HBG,WSN,FNB Field,72,96,92,96,96,97,89,117,95,96,101,102,95,95,90,100,5114
AA,2024,EL,REA,PHI,FirstEnergy Stadium,71,106,112,102,103,97,110,109,135,100,97,100,102,107,131,140,5219
AA,2024,TL,AMA,ARI,Hodgetown,68,118,136,110,116,105,117,129,182,101,94,93,113,121,176,188,5264
AA,2024,SL,BLX,MIL,Keesler Federal Park,66,102,103,101,101,102,95,91,113,100,93,107,99,100,109,117,4864
AA,2024,EL,BNG,NYM,Mirabito Stadium,69,96,92,96,95,94,99,107,92,96,110,98,98,98,88,96,4965
AA,2024,TL,MID,ATH,Momentum Bank Ballpark,69,103,106,105,108,111,112,120,76,100,96,93,106,103,72,80,5181
AA,2024,TL,SA,SDP,Nelson Wolff Stadium,69,94,88,97,96,100,100,112,62,98,102,104,97,93,59,66,5079
AA,2024,TL,TUL,LAD,ONEOK Field,69,101,102,101,99,99,89,73,117,104,96,113,98,99,112,122,5206
AA,2024,EL,ALT,PIT,Peoples Natural Gas Field,68,99,98,101,100,103,99,133,82,100,92,105,98,96,78,85,5078
AA,2024,EL,BOW,BAL,Prince George's Stadium,69,101,103,99,98,94,95,79,131,101,102,95,99,102,126,136,5107
AA,2024,SL,BIR,CHW,Regions Field,69,99,97,101,101,105,94,120,81,101,98,100,100,98,77,85,4940
AA,2024,SL,BIR,CHW,Rickwood Field,1,104,108,103,105,105,102,99,111,100,98,103,104,105,90,133,82
AA,2024,TL,FRI,TEX,Riders Field,68,103,105,103,103,104,98,94,109,102,97,101,102,103,104,114,5095
AA,2024,TL,SPR,STL,Hammons Field,71,105,110,104,105,105,97,78,123,104,96,97,104,105,118,128,5303
AA,2024,SL,TNS,CHC,Smokies Stadium,70,102,105,102,102,101,102,83,111,100,96,110,101,102,105,116,5080
AA,2024,EL,SOM,NYY,TD Bank Ballpark,69,96,93,95,94,93,95,74,106,97,102,91,94,96,102,111,4917
AA,2024,EL,RIC,SFG,The Diamond,69,98,96,98,97,96,102,87,97,100,103,95,98,98,92,102,5131
AA,2024,SL,RCT,LAA,Toyota Field,74,99,99,99,98,98,89,72,117,99,106,104,100,101,113,121,5373
AA,2024,SL,MIS,ATL,Trustmark Park,63,92,84,96,95,102,90,99,56,100,104,85,96,91,52,60,4429
AA,2024,EL,ERI,DET,UPMC Park,67,100,100,99,100,96,113,115,100,97,102,89,100,101,96,105,4930
AA,2024,TL,CC,HOU,Whataburger Field,69,100,99,100,98,99,88,90,110,103,101,106,99,99,106,114,5108
A+,2024,MWL,BEL,MIA,ABC Supply Stadium,64,96,91,97,96,98,96,106,81,99,104,99,97,96,77,85,4763
A+,2024,SAL,ROM,ATL,AdventHealth Stadium,64,93,86,96,95,102,88,102,66,97,99,96,94,91,62,69,4498
A+,2024,NWL,SPO,COL,Avista Stadium,67,109,117,106,110,107,110,88,135,99,95,95,107,110,130,141,5066
A+,2024,SAL,BG,TBR,Bowling Green Ballpark,65,101,103,99,100,98,92,82,130,95,105,111,101,104,125,135,4670
A+,2024,MWL,LC,CLE,Classic Auto Group Park,66,100,100,98,98,96,93,73,126,101,101,90,98,100,120,133,4793
A+,2024,MWL,DAY,CIN,Day Air Ballpark,67,102,104,101,100,98,101,103,112,102,101,105,101,102,106,117,4970
A+,2024,MWL,GL,LAD,Dow Diamond,66,98,96,99,96,97,94,97,95,104,102,101,98,97,91,100,4980
A+,2024,MWL,PEO,STL,Dozer Park,67,100,100,100,101,102,99,98,101,98,101,100,101,101,96,105,4880
A+,2024,NWL,EVE,SEA,Funko Field,66,108,117,104,106,97,115,92,147,101,105,108,108,113,142,153,5100
A+,2024,SAL,GBO,PIT,First National Bank Field,65,106,113,102,101,96,87,64,176,102,101,106,102,108,169,182,4869
A+,2024,SAL,GVL,BOS,Fluor Field at the West End,67,105,110,103,106,103,105,99,127,99,102,91,106,108,121,132,5052
A+,2024,MWL,SB,CHC,Four Winds Field,66,98,97,100,98,100,98,95,89,102,99,103,98,97,85,93,5055
A+,2024,SAL,WIL,WSN,Frawley Stadium,66,96,91,98,97,101,93,121,73,101,97,94,96,93,68,77,4758
A+,2024,NWL,TRI,LAA,Gesa Stadium,66,96,92,98,98,101,96,107,76,98,108,102,100,98,72,79,5009
A+,2024,SAL,HV,NYY,Heritage Financial Park,66,96,92,97,94,93,99,106,88,101,104,107,96,96,83,93,4899
A+,2024,NWL,HIL,ARI,Ron Tonkin Field,65,98,95,99,99,100,99,153,74,99,96,98,97,95,70,78,4900
A+,2024,SAL,ASH,HOU,McCormick Field,66,117,135,112,118,109,135,59,160,104,93,100,115,120,153,167,5066
A+,2024,MWL,LAN,ATH,Jackson Field,66,107,114,106,109,107,113,148,103,100,87,105,104,104,97,108,5064
A+,2024,SAL,HIC,TEX,L.P. Frans Stadium,68,101,103,100,102,102,89,90,123,99,103,92,102,104,118,129,4803
A+,2024,MWL,WM,DET,LMCU Ballpark,66,95,91,97,96,100,93,89,80,98,94,101,94,92,75,85,4843
A+,2024,SAL,BRK,NYM,Maimonides Park,66,93,87,95,93,93,97,137,69,99,107,95,95,94,65,73,4839
A+,2024,MWL,QC,KCR,Modern Woodmen Park,65,99,97,99,98,98,100,120,90,101,102,100,99,99,86,95,4709
A+,2024,MWL,WIS,MIL,Neuroscience Group Field,67,103,105,103,103,101,108,111,98,103,92,102,100,100,93,103,4782
A+,2024,NWL,EUG,SFG,PK Park,66,101,103,99,101,97,104,72,126,94,108,108,103,106,120,132,4931
A+,2024,MWL,FW,SDP,Parkview Field,66,99,98,100,100,100,105,98,88,101,101,102,100,99,84,93,4874
A+,2024,SAL,ABD,BAL,Leidos Field at Ripken Stadium,67,97,95,98,97,98,94,134,87,101,106,95,100,99,82,93,4957
A+,2024,NWL,VAN,TOR,Rogers Field at Nat Bailey Stadium,62,97,94,98,96,96,101,81,90,101,98,102,95,95,86,95,4611
A+,2024,SAL,JS,PHI,ShoreTown Ballpark,66,95,90,97,95,98,91,108,77,100,105,98,97,95,73,81,4905
A+,2024,SAL,WS,CHW,Truist Stadium,68,102,105,102,102,103,98,126,102,103,95,102,101,101,98,106,4992
A+,2024,MWL,CR,MIN,Rise 2 Greatness Field,65,100,101,100,101,100,99,112,102,99,95,99,99,99,98,107,4839
A,2024,CAR,DEL,BAL,Arthur W. Perdue Stadium,67,96,92,98,96,100,86,99,83,103,104,93,98,96,79,87,4994
A,2024,CAR,KAN,CHW,Atrium Health Ballpark,71,100,101,101,102,104,95,130,92,99,101,96,102,101,87,98,4947
A,2024,CAL,STK,ATH,Banner Island Ballpark,66,105,112,103,105,101,104,77,150,99,103,104,106,109,144,156,5426
A,2024,FSL,CLR,PHI,BayCare Ballpark,66,99,97,98,96,95,95,96,113,99,103,107,98,99,107,118,4787
A,2024,CAR,SAL,BOS,Carilion Clinic Field,66,102,103,102,104,105,111,115,76,100,91,92,100,99,71,80,5014
A,2024,CAL,FRE,COL,Chukchansi Park,64,102,105,101,104,104,103,104,107,96,95,99,101,102,102,113,4947
A,2024,CAR,LYN,CLE,Bank of the James Stadium,66,100,100,99,101,99,109,108,92,98,95,90,98,98,87,97,4909
A,2024,FSL,SLU,NYM,Clover Park,66,100,100,101,99,100,94,103,99,103,98,104,99,98,94,105,5166
A,2024,CAL,SJ,SFG,Excite Ballpark,66,104,107,103,105,106,102,92,106,100,95,102,103,103,101,111,5137
A,2024,CAR,CAR,MIL,Five County Stadium,66,102,105,101,103,100,113,89,107,98,100,104,102,103,101,114,4742
A,2024,FSL,TAM,NYY,George M. Steinbrenner Field,67,102,104,101,100,99,100,76,124,102,97,102,100,101,120,130,4717
A,2024,CAR,DE,TEX,Grainger Stadium,61,93,87,94,92,94,85,82,97,96,111,102,96,95,91,104,4363
A,2024,FSL,DBT,CIN,Jackie Robinson Ballpark,65,102,104,100,100,94,115,113,109,101,103,98,102,104,104,114,4730
A,2024,CAL,MOD,SEA,John Thurman Field,64,101,101,102,102,102,114,126,67,100,100,104,102,101,63,71,5310
A,2024,CAR,CHS,TBR,"Joseph P. Riley, Jr. Ballpark",63,96,91,97,95,98,90,99,81,100,100,98,95,94,76,86,4531
A,2024,FSL,BRD,PIT,LECOM Park,66,101,102,100,98,95,101,85,123,101,100,106,98,100,116,128,5099
A,2024,FSL,FTM,MIN,Lee Health Sports Complex,61,99,96,100,98,100,95,95,88,104,99,95,98,97,83,92,4370
A,2024,CAL,RC,LAD,LoanMart Field,64,106,113,104,107,103,108,119,129,98,99,102,106,108,123,136,5120
A,2024,CAR,MB,CHC,Pelicans Ballpark,69,96,92,98,95,98,89,100,84,101,102,100,96,95,80,89,4957
A,2024,FSL,LAK,DET,Publix Field at Joker Marchant Stadium,66,100,100,100,98,97,99,123,100,102,98,97,98,99,95,105,4691
A,2024,FSL,PMB,STL,Roger Dean Chevrolet Stadium,135,97,93,98,97,100,94,90,84,101,100,101,97,96,81,88,9871
A,2024,CAR,FAY,HOU,SEGRA Stadium,66,97,94,97,95,95,91,82,111,100,105,103,97,98,105,117,4873
A,2024,CAR,AUG,ATL,SRP Park,67,98,98,98,97,96,93,90,119,98,105,95,99,100,113,125,4836
A,2024,CAL,IE,LAA,San Manuel Stadium,67,104,108,103,106,106,104,171,89,98,101,98,106,106,83,94,5290
A,2024,CAR,COL,KCR,Segra Park,70,100,100,100,101,103,92,114,102,99,95,98,99,98,97,108,4905
A,2024,FSL,DUN,TOR,TD Ballpark,67,99,99,98,97,94,98,78,123,100,106,109,99,101,118,129,4964
A,2024,CAL,LE,SDP,The Diamond,66,105,110,104,106,102,120,124,91,102,93,100,103,103,86,96,5286
A,2024,CAL,VIS,ARI,Valley Strong Ballpark,65,102,105,101,102,101,101,86,124,98,106,106,104,106,118,130,5061
A,2024,CAR,FBG,WSN,Virginia Credit Union Stadium,66,100,99,101,100,101,98,89,93,103,98,98,99,98,89,99,4884
MLB,2025,MLB,MIL,MIL,American Family Field,81,99,99,99,97,95,94,104,107,103,108,98,100,101,104,110,6033
MLB,2025,MLB,LAA,LAA,Angel Stadium,81,98,97,98,97,98,91,82,103,99,103,105,98,99,100,106,6087
MLB,2025,MLB,CIN,CIN,Bristol Motor Speedway,2,102,104,102,102,102,100,115,103,100,99,101,102,102,78,128,78
MLB,2025,MLB,STL,STL,Busch Stadium,81,97,94,99,100,104,97,88,83,97,94,102,97,95,81,85,5995
MLB,2025,MLB,ARI,ARI,Chase Field,81,101,101,101,102,101,112,188,86,100,97,93,101,100,81,91,6163
MLB,2025,MLB,NYM,NYM,Citi Field,80,96,93,97,95,97,89,77,98,101,106,112,97,97,95,100,6059
MLB,2025,MLB,PHI,PHI,Citizens Bank Park,81,101,103,100,101,99,97,115,111,98,104,97,102,103,109,114,6063
MLB,2025,MLB,DET,DET,Comerica Park,81,101,101,101,101,102,95,182,97,100,96,98,100,99,93,102,6058
MLB,2025,MLB,COL,COL,Coors Field,81,112,122,110,115,112,121,224,109,99,90,90,111,112,106,112,6362
MLB,2025,MLB,HOU,HOU,Daikin Park,81,98,97,97,96,95,95,103,106,99,107,92,99,100,102,110,5969
MLB,2025,MLB,BOS,BOS,Fenway Park,82,105,108,105,107,106,121,109,92,100,96,106,106,104,90,95,6160
MLB,2025,MLB,TBR,TBR,George M. Steinbrenner Field,81,105,110,103,103,101,99,78,124,102,97,102,102,105,119,129,5993
MLB,2025,MLB,TEX,TEX,Globe Life Field,81,98,96,98,97,98,94,93,101,99,101,95,97,98,98,105,5916
MLB,2025,MLB,CIN,CIN,Great American Ball Park,81,103,106,101,100,97,99,86,119,105,104,104,102,105,116,122,5934
MLB,2025,MLB,NYM,NYM,Journey Bank Ballpark,1,99,97,100,101,104,102,99,86,99,104,100,102,100,72,102,81
MLB,2025,MLB,KCR,KCR,Kauffman Stadium,81,102,102,103,104,106,108,146,84,101,90,99,101,99,81,86,5913
MLB,2025,MLB,WSN,WSN,Nationals Park,81,102,103,101,103,103,100,89,106,98,97,97,101,101,103,108,6132
MLB,2025,MLB,SFG,SFG,Oracle Park,81,96,92,98,99,103,100,161,74,97,98,89,98,95,71,76,6080
MLB,2025,MLB,BAL,BAL,Oriole Park at Camden Yards,81,103,105,101,102,101,97,90,116,97,98,102,101,103,107,126,6060
MLB,2025,MLB,PIT,PIT,PNC Park,81,100,100,102,102,103,110,108,84,101,95,109,100,98,82,87,5995
MLB,2025,MLB,SDP,SDP,Petco Park,81,96,93,97,96,97,93,88,95,102,103,96,97,96,92,97,5924
MLB,2025,MLB,CLE,CLE,Progressive Field,81,100,99,100,100,99,107,78,97,101,101,94,100,100,95,100,5919
MLB,2025,MLB,CHW,CHW,Rate Field,81,100,100,100,99,100,92,86,105,102,100,106,99,99,102,107,6007
MLB,2025,MLB,TOR,TOR,Rogers Centre,81,100,101,99,99,96,105,73,107,99,100,104,99,100,102,112,6054
MLB,2025,MLB,ATH,ATH,Sutter Health Park,81,103,105,102,101,99,104,78,111,102,101,105,102,103,108,115,6290
MLB,2025,MLB,SEA,SEA,T-Mobile Park,81,94,90,95,93,93,88,63,99,99,110,100,96,96,96,101,5968
MLB,2025,MLB,MIN,MIN,Target Field,82,102,103,102,102,102,108,100,98,101,96,100,101,101,96,101,6162
MLB,2025,MLB,CHC,CHC,Tokyo Dome,2,99,98,99,99,98,102,99,98,101,101,101,99,99,75,119,152
MLB,2025,MLB,ATL,ATL,Truist Park,81,100,100,100,101,103,99,96,97,98,102,98,102,101,95,100,6122
MLB,2025,MLB,LAD,LAD,Dodger Stadium,81,97,96,96,96,94,97,67,109,95,104,102,97,99,107,112,6084
MLB,2025,MLB,CHC,CHC,Wrigley Field,79,98,97,99,97,98,91,121,99,103,103,102,98,99,96,101,5830
MLB,2025,MLB,NYY,NYY,Yankee Stadium,81,100,100,99,97,95,92,65,116,104,103,99,98,100,113,119,6022
MLB,2025,MLB,MIA,MIA,loanDepot park,81,99,97,100,99,101,100,130,87,100,99,113,99,98,82,92,6083
AAA,2025,IL,MEM,STL,AutoZone Park,73,100,100,100,101,103,96,94,100,98,95,96,99,98,96,104,5521
AAA,2025,IL,STP,MIN,CHS Field,74,104,108,102,103,98,105,87,123,100,102,103,103,106,118,126,5621
AAA,2025,PCL,TAC,SEA,Cheney Stadium,81,100,101,100,98,98,94,80,110,103,100,103,99,100,106,113,6295
AAA,2025,PCL,OKC,LAD,Chickasaw Bricktown Ballpark,75,98,96,100,98,101,98,120,81,105,99,96,98,96,78,85,5920
AAA,2025,IL,LHV,PHI,Coca-Cola Park,75,98,95,99,96,97,98,87,90,105,99,101,97,96,86,94,5674
AAA,2025,PCL,SUG,HOU,Constellation Field,75,93,86,95,90,92,88,93,83,103,103,107,92,91,79,87,5642
AAA,2025,PCL,RR,TEX,Dell Diamond,75,96,92,96,96,98,91,100,92,99,106,93,97,96,88,95,5673
AAA,2025,IL,DUR,TBR,Durham Bulls Athletic Park,75,99,98,97,97,94,97,72,117,95,113,101,101,104,113,122,5542
AAA,2025,IL,ROC,WSN,Innovative Field,75,98,96,98,99,101,95,104,93,97,101,93,99,98,89,97,5829
AAA,2025,IL,TOL,DET,Fifth Third Field,75,95,91,96,95,93,108,145,78,97,111,94,99,98,75,82,5470
AAA,2025,IL,NAS,MIL,First Horizon Park,74,93,87,96,94,100,88,118,71,100,101,99,94,91,68,74,5430
AAA,2025,PCL,RNO,ARI,Greater Nevada Field,75,111,121,109,113,110,117,171,109,103,87,93,108,109,105,113,6233
AAA,2025,IL,GWN,ATL,Coolray Field,76,94,88,96,96,102,89,85,77,96,98,93,95,91,74,80,5371
AAA,2025,IL,NOR,BAL,Harbor Park,75,96,92,97,96,99,94,86,88,99,102,94,96,95,84,92,5520
AAA,2025,IL,COL,CLE,Huntington Park,72,99,99,98,98,94,105,64,111,100,102,95,98,100,106,115,5369
AAA,2025,PCL,ABQ,COL,Isotopes Park,75,111,122,109,114,110,113,209,118,99,91,98,110,112,114,122,5945
AAA,2025,PCL,LV,ATH,Las Vegas Ballpark,75,112,124,108,113,107,115,123,139,99,94,105,111,114,135,143,6092
AAA,2025,IL,LOU,CIN,Louisville Slugger Field,74,100,100,99,100,100,98,105,102,98,99,102,99,99,98,106,5520
AAA,2025,IL,SYR,NYM,NBT Bank Stadium,76,101,102,99,99,97,94,78,120,100,94,108,97,99,116,125,5558
AAA,2025,IL,SWB,NYY,PNC Field,73,97,94,97,95,95,92,79,101,100,104,107,97,97,98,105,5469
AAA,2025,IL,WOR,BOS,Polar Park,74,99,98,100,99,100,101,78,97,99,103,110,100,100,94,101,5532
AAA,2025,IL,IOW,CHC,Principal Park,75,103,105,102,101,96,114,97,106,101,101,108,102,104,102,110,5793
AAA,2025,IL,BUF,TOR,Sahlen Field,75,96,92,98,95,98,93,85,87,103,101,95,96,95,83,91,5565
AAA,2025,PCL,ELP,SDP,Southwest University Park,74,109,118,107,111,107,116,140,117,100,91,97,107,109,113,120,5976
AAA,2025,PCL,SAC,SFG,Sutter Health Park,69,99,97,99,98,97,101,75,100,101,103,104,99,99,97,103,5284
AAA,2025,PCL,SL,LAA,The Ballpark at America First Square,75,108,116,107,111,111,106,143,111,100,97,102,109,110,105,118,6041
AAA,2025,IL,CLT,CHW,Truist Field,76,105,110,102,104,101,100,76,132,99,101,101,104,107,127,136,5931
AAA,2025,IL,IND,PIT,Victory Field,75,95,91,97,96,98,96,125,78,100,104,100,97,95,75,81,5652
AAA,2025,IL,JAX,MIA,Vystar Ballpark,74,94,89,95,92,94,85,99,91,98,109,112,95,95,87,95,5461
AAA,2025,IL,OMA,KCR,Werner Park,74,102,104,101,102,101,99,93,111,100,96,97,100,101,106,116,5752
AA,2025,EL,AKR,CLE,Canal Park,68,96,92,98,96,97,98,117,75,101,97,100,95,93,72,80,4930
AA,2025,SL,CHA,CIN,AT&T Field,64,103,106,104,103,101,114,119,93,104,100,108,104,104,88,98,4673
AA,2025,TL,NWA,KCR,Arvest Ballpark,71,104,107,103,103,102,105,126,104,103,96,103,102,103,99,108,5340
AA,2025,SL,PNS,MIA,Blue Wahoos Stadium,71,98,96,98,97,97,97,102,99,99,104,102,99,99,94,103,5211
AA,2025,SL,KNX,CHC,Covenant Health Park,70,95,89,97,95,98,90,109,73,102,102,100,96,93,67,80,4951
AA,2025,SL,MTG,TBR,Montgomery Riverwalk Stadium,68,98,97,98,98,97,98,134,95,98,104,100,99,100,91,99,4930
AA,2025,EL,POR,BOS,Delta Dental Park,66,101,103,101,102,99,115,98,97,100,104,104,103,103,92,101,4810
AA,2025,EL,NH,TOR,Delta Dental Stadium,68,101,103,101,101,99,108,105,103,100,100,96,101,102,99,108,4906
AA,2025,TL,ARK,SEA,Dickey-Stephens Park,69,92,84,95,92,98,85,94,69,99,106,104,94,91,66,72,5102
AA,2025,EL,HFD,COL,Dunkin' Park,71,102,105,101,103,100,108,86,113,97,106,101,104,106,109,117,5241
AA,2025,TL,WCH,MIN,Equity Bank Park,69,105,110,104,106,107,102,95,113,101,92,98,104,104,108,117,5250
AA,2025,EL,HBG,WSN,FNB Field,68,96,92,96,96,97,89,115,94,96,101,102,96,95,89,99,4951
AA,2025,EL,REA,PHI,FirstEnergy Stadium,69,105,112,102,104,97,111,109,134,100,97,100,102,106,129,139,5311
AA,2025,TL,AMA,ARI,Hodgetown,69,117,135,110,116,106,117,129,180,101,94,93,113,120,174,187,5541
AA,2025,SL,BLX,MIL,Keesler Federal Park,69,102,103,101,101,102,95,92,112,100,93,107,99,100,108,117,5106
AA,2025,EL,BNG,NYM,Mirabito Stadium,69,96,92,96,95,95,100,107,91,96,110,98,98,98,87,95,4736
AA,2025,TL,MID,ATH,Momentum Bank Ballpark,71,104,107,105,108,112,112,120,75,100,96,93,107,104,71,79,5156
AA,2025,TL,SA,SDP,Nelson Wolff Stadium,69,95,89,97,97,100,101,110,62,97,101,104,97,94,58,65,4954
AA,2025,TL,TUL,LAD,ONEOK Field,69,101,102,101,99,100,90,72,116,103,96,113,98,99,111,121,5348
AA,2025,EL,ALT,PIT,Peoples Natural Gas Field,70,99,98,101,101,103,99,132,81,100,92,105,98,96,77,84,4927
AA,2025,EL,CHE,BAL,Prince George's Stadium,69,101,102,99,98,95,96,80,130,101,102,94,99,102,125,135,4999
AA,2025,SL,BIR,CHW,Regions Field,68,99,97,101,101,105,94,117,80,101,98,100,100,98,76,84,4937
AA,2025,SL,BIR,CHW,Rickwood Field,1,104,108,104,105,106,103,97,110,100,97,103,104,105,89,131,67
AA,2025,TL,FRI,TEX,Riders Field,67,103,105,103,103,104,99,94,108,102,97,101,102,103,103,113,5099
AA,2025,TL,SPR,STL,Hammons Field,70,105,110,104,105,106,98,78,122,103,96,97,104,105,117,127,4999
AA,2025,SL,COL,ATL,Synovus Park,71,97,95,96,94,93,87,86,117,101,107,98,96,98,109,125,4991
AA,2025,EL,SOM,NYY,TD Bank Ballpark,69,96,92,95,94,93,96,73,105,97,102,91,95,95,101,110,4858
AA,2025,EL,RIC,SFG,The Diamond,69,98,96,98,98,97,103,88,96,100,103,95,98,98,91,101,5096
AA,2025,SL,RCT,LAA,Toyota Field,71,99,99,99,98,99,90,71,116,99,105,104,100,101,112,120,4940
AA,2025,EL,ERI,DET,UPMC Park,70,100,101,99,101,97,114,115,99,97,102,89,100,101,95,104,5202
AA,2025,TL,CC,HOU,Whataburger Field,70,100,99,100,98,99,88,90,109,103,101,106,99,99,105,113,5353
A+,2025,MWL,BEL,MIA,ABC Supply Stadium,66,96,92,97,96,98,96,106,82,99,104,99,97,96,78,86,4764
A+,2025,SAL,ROM,ATL,AdventHealth Stadium,63,93,87,96,96,102,88,102,67,97,99,96,95,91,62,70,4474
A+,2025,NWL,SPO,COL,Avista Stadium,66,108,118,106,110,107,110,87,137,99,95,95,108,110,131,143,5093
A+,2025,SAL,BG,TBR,Bowling Green Ballpark,65,101,103,99,100,99,93,82,132,95,105,111,101,104,127,137,4724
A+,2025,MWL,LC,CLE,Classic Auto Group Park,66,100,100,98,98,96,93,73,127,101,101,90,98,100,121,134,4921
A+,2025,MWL,DAY,CIN,Day Air Ballpark,63,102,104,101,100,98,101,104,112,102,101,105,101,102,106,118,4915
A+,2025,MWL,GL,LAD,Dow Diamond,65,98,96,99,96,97,94,97,96,104,102,100,98,98,92,101,4928
A+,2025,MWL,PEO,STL,Dozer Park,66,100,101,100,101,102,100,97,102,98,100,100,101,101,97,106,4877
A+,2025,NWL,EVE,SEA,Funko Field,67,108,117,104,106,98,115,92,148,101,104,108,108,113,143,154,5145
A+,2025,SAL,HCS,TEX,Fifth Third Park,66,96,92,97,95,97,83,96,99,100,108,99,98,97,91,108,4935
A+,2025,SAL,GBO,PIT,First National Bank Field,66,106,113,102,101,97,87,64,177,102,100,105,102,108,170,184,4718
A+,2025,SAL,GVL,BOS,Fluor Field at the West End,68,105,111,103,106,104,105,99,127,98,101,91,106,108,122,133,5023
A+,2025,MWL,SB,CHC,Four Winds Field,68,99,97,100,98,100,98,95,90,102,99,102,99,97,85,94,4849
A+,2025,SAL,WIL,WSN,Frawley Stadium,66,96,92,98,97,101,93,121,74,101,97,93,96,94,69,78,4681
A+,2025,NWL,TRI,LAA,Gesa Stadium,65,97,93,98,98,101,96,107,76,98,108,102,101,98,72,80,4945
A+,2025,SAL,HV,NYY,Heritage Financial Park,65,96,93,97,94,93,99,104,89,101,104,107,96,96,84,93,4661
A+,2025,NWL,HIL,ARI,Hillsboro Ballpark,66,98,96,99,99,100,100,152,75,99,96,97,97,96,71,79,5195
A+,2025,SAL,ASH,HOU,McCormick Field,65,117,135,112,118,109,135,59,162,104,93,100,115,120,155,168,4811
A+,2025,MWL,LAN,ATH,Jackson Field,66,107,114,106,109,107,113,149,103,100,87,104,104,105,98,109,5132
A+,2025,MWL,WM,DET,LMCU Ballpark,66,96,91,97,97,100,93,88,81,98,93,101,94,92,76,86,4830
A+,2025,SAL,BRK,NYM,Maimonides Park,66,94,88,95,93,94,97,136,69,99,107,95,95,94,65,73,4870
A+,2025,MWL,QC,KCR,Modern Woodmen Park,66,99,98,99,99,98,100,120,91,101,102,100,99,99,86,96,4978
A+,2025,MWL,WIS,MIL,Neuroscience Group Field,67,103,106,103,103,102,109,110,99,103,92,102,101,101,94,104,4918
A+,2025,NWL,EUG,SFG,PK Park,65,101,104,99,101,98,104,72,128,94,108,107,103,106,122,134,4872
A+,2025,MWL,FW,SDP,Parkview Field,66,100,99,100,100,100,105,97,88,101,101,102,100,99,84,93,4936
A+,2025,SAL,ABD,BAL,Ripken Stadium,65,98,96,99,97,98,94,132,88,101,106,95,100,99,82,93,4818
A+,2025,NWL,VAN,TOR,Rogers Field at Nat Bailey Stadium,67,97,94,98,96,96,102,82,91,101,98,101,96,95,87,96,5064
A+,2025,SAL,JS,PHI,ShoreTown Ballpark,62,95,90,97,95,98,91,108,77,100,105,98,97,95,74,82,4483
A+,2025,SAL,WS,CHW,Truist Stadium,70,103,105,102,102,103,99,126,102,103,95,102,101,101,98,106,5107
A+,2025,MWL,CR,MIN,Veterans Memorial Stadium,68,101,101,100,101,101,99,112,103,99,95,99,99,99,99,108,4979
A,2025,CAR,DEL,BAL,Arthur W. Perdue Stadium,65,96,92,98,96,99,85,98,83,103,105,93,98,96,79,88,4712
A,2025,CAR,KAN,CHW,Atrium Health Ballpark,67,100,101,100,102,103,94,129,92,99,101,97,102,101,87,98,5150
A,2025,CAL,STK,ATH,Banner Island Ballpark,67,105,110,102,104,101,104,76,150,99,103,105,105,108,144,156,5236
A,2025,FSL,CLR,PHI,BayCare Ballpark,66,98,97,98,96,95,95,95,113,99,104,107,97,99,107,118,4951
A,2025,CAR,SAL,BOS,Carilion Clinic Field,68,101,103,102,104,105,111,113,76,100,91,92,100,99,71,81,4865
A,2025,CAL,FRE,COL,Chukchansi Park,66,102,104,101,104,104,103,102,107,96,95,99,101,101,102,113,5110
A,2025,CAR,HC,CLE,Bank of the James Stadium,68,99,99,99,100,99,109,107,92,98,95,90,98,98,87,98,4897
A,2025,FSL,SLU,NYM,Clover Park,66,100,99,100,98,99,94,101,99,103,98,104,98,98,94,105,4878
A,2025,CAL,SJ,SFG,Excite Ballpark,66,103,106,103,105,106,102,90,106,100,95,102,103,102,101,111,5202
A,2025,CAR,CAR,MIL,Five County Stadium,62,102,104,101,102,99,114,89,107,98,100,105,102,103,100,114,4612
A,2025,FSL,TAM,NYY,George M. Steinbrenner Field,2,101,103,101,100,99,99,76,124,102,98,102,99,101,119,130,156
A,2025,FSL,PMB,STL,Holman Stadium,1,99,99,99,99,98,98,102,104,100,103,100,99,100,78,130,80
A,2025,FSL,DBT,CIN,Jackie Robinson Ballpark,66,102,104,100,100,94,115,112,109,101,104,99,102,104,104,114,5035
A,2025,CAL,MOD,SEA,John Thurman Field,66,101,101,101,102,101,114,127,67,100,100,104,102,101,62,71,5085
A,2025,CAR,CHS,TBR,"Joseph P. Riley, Jr. Ballpark",67,95,90,97,95,97,90,98,81,100,100,99,95,94,76,86,4757
A,2025,CAR,HIC,TEX,L.P. Frans Stadium,65,100,101,99,101,101,90,89,125,99,103,92,101,102,120,130,4978
A,2025,FSL,BRD,PIT,LECOM Park,66,100,101,99,97,95,100,85,123,101,100,106,98,100,115,128,5032
A,2025,FSL,FTM,MIN,Lee Health Sports Complex,62,98,96,100,98,100,95,93,88,104,100,95,98,97,83,92,4681
A,2025,CAL,RC,LAD,LoanMart Field,66,106,112,103,106,103,109,119,130,98,99,103,106,108,124,137,5308
A,2025,CAR,MB,CHC,Pelicans Ballpark,63,96,92,98,95,98,89,98,85,101,102,101,96,95,80,90,4800
A,2025,FSL,LAK,DET,Publix Field at Joker Marchant Stadium,64,100,99,99,98,96,99,123,100,102,99,97,98,99,95,105,4754
A,2025,FSL,JUP,MIA,Roger Dean Chevrolet Stadium,131,97,93,98,97,99,93,89,85,101,101,101,97,96,81,88,10207
A,2025,CAR,FAY,HOU,SEGRA Stadium,67,97,93,97,94,94,91,81,111,100,105,103,96,97,105,117,4924
A,2025,CAR,AUG,ATL,SRP Park,63,98,97,97,97,96,92,89,120,99,106,95,99,100,114,125,4739
A,2025,CAL,IE,LAA,San Manuel Stadium,66,103,108,103,106,105,104,171,88,98,101,98,106,106,83,93,5232
A,2025,CAR,COL,KCR,Segra Park,66,100,99,99,100,102,91,113,102,98,96,98,98,98,97,107,4736
A,2025,FSL,DUN,TOR,TD Ballpark,67,99,98,98,96,94,98,78,124,100,106,109,99,101,118,129,4515
A,2025,CAL,LE,SDP,The Diamond,66,104,109,104,105,102,120,123,90,102,93,101,103,103,85,95,5250
A,2025,CAL,VIS,ARI,Valley Strong Ballpark,66,102,104,101,102,100,101,86,125,98,107,106,104,106,119,131,5010
A,2025,CAR,FBG,WSN,Virginia Credit Union Stadium,67,100,99,101,99,101,98,88,93,103,98,98,99,98,88,99,4933
A,2025,FSL,TAM,NYY,Yankee Complex Field 2,62,103,107,104,105,107,106,96,94,101,93,103,103,102,83,108,4670
MLB,2026,MLB,MIL,MIL,American Family Field,80,99,99,99,97,96,94,103,107,104,108,98,100,101,104,110,5938
MLB,2026,MLB,LAA,LAA,Angel Stadium,81,98,97,98,97,98,91,81,103,99,103,104,98,99,100,106,6074
MLB,2026,MLB,STL,STL,Busch Stadium,81,97,94,99,100,104,98,86,83,97,94,102,97,95,80,85,6134
MLB,2026,MLB,ARI,ARI,Chase Field,79,101,101,101,102,101,112,188,86,100,97,92,101,100,81,91,5902
MLB,2026,MLB,NYM,NYM,Citi Field,81,96,94,97,95,97,90,76,97,101,106,111,97,97,95,100,6119
MLB,2026,MLB,PHI,PHI,Citizens Bank Park,81,102,103,100,101,100,97,114,111,99,104,97,102,103,108,114,6129
MLB,2026,MLB,DET,DET,Comerica Park,81,101,101,101,101,102,94,184,97,100,96,97,100,99,92,102,5980
MLB,2026,MLB,COL,COL,Coors Field,81,112,122,110,115,112,120,221,108,99,90,90,111,111,105,111,6321
MLB,2026,MLB,HOU,HOU,Daikin Park,81,98,97,97,96,95,95,103,106,99,107,92,99,100,102,109,6061
MLB,2026,MLB,ARI,ARI,Estadio Alfredo Harp Helu,2,111,121,106,107,100,101,105,150,101,99,102,107,113,125,182,156
MLB,2026,MLB,BOS,BOS,Fenway Park,80,105,108,105,107,106,122,109,92,100,96,106,106,104,89,94,5980
MLB,2026,MLB,MIN,MIN,Field of Dreams,1,105,110,103,103,100,99,93,126,101,99,101,103,106,104,151,79
MLB,2026,MLB,TEX,TEX,Globe Life Field,81,98,96,98,97,98,94,90,101,99,101,94,97,98,97,104,5918
MLB,2026,MLB,CIN,CIN,Great American Ball Park,81,103,106,101,100,97,99,87,119,105,104,104,102,105,116,122,6134
MLB,2026,MLB,MIL,MIL,Journey Bank Ballpark,1,99,97,100,101,104,103,96,86,99,104,99,102,100,72,102,80
MLB,2026,MLB,KCR,KCR,Kauffman Stadium,81,105,109,105,106,106,108,144,101,101,89,100,103,102,93,110,6178
MLB,2026,MLB,ATH,ATH,Las Vegas Ballpark,6,118,135,112,118,109,119,124,153,100,92,105,115,120,148,158,508
MLB,2026,MLB,WSN,WSN,Nationals Park,81,102,103,101,103,103,100,88,105,99,96,97,101,101,102,108,6244
MLB,2026,MLB,SFG,SFG,Oracle Park,81,96,92,98,99,103,100,160,73,97,98,89,98,95,71,76,6007
MLB,2026,MLB,BAL,BAL,Oriole Park at Camden Yards,81,103,105,101,103,102,97,89,116,97,97,101,101,103,107,126,6034
MLB,2026,MLB,PIT,PIT,PNC Park,81,100,100,102,102,103,111,106,84,101,94,110,100,98,82,87,6237
MLB,2026,MLB,SDP,SDP,Petco Park,81,96,93,97,96,97,93,86,94,102,103,96,97,96,91,97,5970
MLB,2026,MLB,CLE,CLE,Progressive Field,81,100,99,100,100,99,107,76,97,101,101,94,100,100,95,100,6101
MLB,2026,MLB,CHW,CHW,Rate Field,81,100,100,100,99,100,91,86,105,102,99,106,99,99,102,107,6121
MLB,2026,MLB,TOR,TOR,Rogers Centre,81,100,101,99,99,96,106,73,107,99,100,104,99,100,101,112,6027
MLB,2026,MLB,ATH,ATH,Sutter Health Park,75,103,105,102,101,99,104,78,111,102,101,105,102,103,108,114,5956
MLB,2026,MLB,SEA,SEA,T-Mobile Park,81,94,90,95,93,94,89,61,99,99,110,100,96,96,96,101,5961
MLB,2026,MLB,MIN,MIN,Target Field,80,102,103,102,103,102,108,98,98,101,96,100,101,101,95,101,6080
MLB,2026,MLB,TBR,TBR,Tropicana Field,82,98,98,97,97,95,95,104,107,98,107,104,99,100,97,118,5975
MLB,2026,MLB,ATL,ATL,Truist Park,82,100,100,100,101,103,99,94,97,98,102,98,102,101,94,100,6035
MLB,2026,MLB,LAD,LAD,UNIQLO Field at Dodger Stadium,81,97,96,96,96,94,97,66,109,95,104,102,97,98,106,111,5952
MLB,2026,MLB,CHC,CHC,Wrigley Field,81,98,97,99,97,98,91,119,98,103,103,102,99,99,96,101,6229
MLB,2026,MLB,NYY,NYY,Yankee Stadium,80,100,100,99,97,95,92,64,116,104,102,99,98,100,113,119,5906
MLB,2026,MLB,MIA,MIA,loanDepot park,81,99,97,100,99,101,99,129,87,100,99,112,99,98,82,92,6030
AAA,2026,IL,MEM,STL,AutoZone Park,75,100,100,100,101,103,96,94,100,98,95,96,99,98,96,104,5847
AAA,2026,IL,STP,MIN,CHS Field,75,104,108,102,103,98,105,86,122,100,102,103,103,106,118,126,5792
AAA,2026,PCL,TAC,SEA,Cheney Stadium,75,100,101,100,98,98,94,79,110,103,100,103,99,100,106,113,5659
AAA,2026,PCL,OKC,LAD,Chickasaw Bricktown Ballpark,74,98,96,100,98,101,98,120,81,105,99,96,98,96,78,85,5727
AAA,2026,IL,LHV,PHI,Coca-Cola Park,75,98,95,99,96,97,98,87,90,105,99,101,97,96,86,94,5652
AAA,2026,PCL,SUG,HOU,Constellation Field,74,93,86,95,90,92,88,93,83,103,103,107,92,91,79,87,5481
AAA,2026,PCL,RR,TEX,Dell Diamond,76,96,92,96,96,98,91,100,92,99,106,93,97,96,88,95,5821
AAA,2026,IL,DUR,TBR,Durham Bulls Athletic Park,75,99,98,97,97,94,97,72,117,95,113,101,101,104,113,122,5622
AAA,2026,IL,ROC,WSN,ESL Ballpark,75,98,96,98,99,101,95,104,93,97,101,93,99,98,89,98,5495
AAA,2026,IL,IOW,CHC,Field of Dreams,1,101,101,99,99,97,96,93,113,100,101,101,100,101,93,137,69
AAA,2026,IL,TOL,DET,Fifth Third Field,75,95,91,96,95,93,108,145,78,97,112,94,99,98,74,82,5608
AAA,2026,IL,NAS,MIL,First Horizon Park,76,93,87,96,94,100,88,118,71,100,101,99,94,91,68,74,5526
AAA,2026,PCL,RNO,ARI,Greater Nevada Field,75,110,120,109,113,110,117,171,109,103,87,93,108,109,105,113,6111
AAA,2026,IL,GWN,ATL,Gwinnett Field,76,93,88,96,96,102,89,85,77,97,98,93,94,91,74,80,5434
AAA,2026,IL,NOR,BAL,Harbor Park,75,96,92,97,96,99,94,85,88,99,102,94,96,95,84,92,5397
AAA,2026,IL,COL,CLE,Huntington Park,75,100,99,98,98,94,105,64,110,100,102,95,98,100,106,115,5470
AAA,2026,PCL,ABQ,COL,Isotopes Park,75,111,122,108,114,110,113,210,118,99,91,98,110,112,114,121,6184
AAA,2026,PCL,LV,ATH,Las Vegas Ballpark,76,112,124,108,113,107,115,123,139,99,94,105,111,114,135,143,6160
AAA,2026,IL,LOU,CIN,Louisville Slugger Field,75,100,100,99,100,100,98,105,102,98,99,102,99,99,98,106,5681
AAA,2026,IL,SYR,NYM,NBT Bank Stadium,75,101,102,99,99,96,94,77,120,100,94,108,97,99,116,125,5547
AAA,2026,IL,SWB,NYY,PNC Field,74,97,94,97,95,95,92,79,101,100,104,107,97,97,98,105,5445
AAA,2026,IL,WOR,BOS,Polar Park,72,99,98,100,99,100,101,77,97,99,103,110,100,100,94,101,5609
AAA,2026,IL,IOW,CHC,Principal Park,71,103,105,102,101,96,114,97,106,101,102,109,102,104,102,110,5627
AAA,2026,IL,BUF,TOR,Sahlen Field,74,96,92,98,95,97,93,85,87,103,101,95,96,95,83,91,5488
AAA,2026,PCL,ELP,SDP,Southwest University Park,76,109,118,107,111,107,116,140,116,100,91,97,107,109,113,120,6111
AAA,2026,PCL,SAC,SFG,Sutter Health Park,73,99,97,99,98,97,101,75,100,101,103,104,99,99,97,103,5667
AAA,2026,PCL,SL,LAA,The Ballpark at America First Square,74,108,116,107,110,111,106,144,111,100,97,102,109,110,105,118,6070
AAA,2026,IL,CLT,CHW,Truist Field,76,105,110,102,104,101,99,76,131,99,101,101,104,107,127,136,5743
AAA,2026,IL,IND,PIT,Victory Field,75,95,91,97,95,98,96,124,78,100,104,100,97,95,75,81,5625
AAA,2026,IL,JAX,MIA,Vystar Ballpark,74,94,89,95,92,94,86,99,91,98,109,112,95,95,87,95,5478
AAA,2026,IL,OMA,KCR,Werner Park,75,102,104,101,102,101,99,93,111,100,96,96,100,101,106,116,5727
AA,2026,EL,AKR,CLE,7 17 Credit Union Park,69,95,91,98,95,98,99,119,75,101,97,101,95,92,71,79,5206
AA,2026,TL,NWA,KCR,Arvest Ballpark,69,104,107,103,103,102,106,128,102,104,96,103,102,103,98,107,5198
AA,2026,SL,PNS,MIA,Blue Wahoos Stadium,69,98,96,98,97,97,97,102,97,99,104,102,99,99,93,102,4946
AA,2026,EL,RIC,SFG,CarMax Park,68,99,99,99,99,98,100,84,103,98,106,100,101,102,94,113,5145
AA,2026,SL,KNX,CHC,Covenant Health Park,69,94,88,97,94,99,91,111,73,102,102,100,95,92,67,79,5112
AA,2026,SL,MTG,TBR,DABOS Park,70,98,97,98,98,97,99,135,94,99,104,100,99,99,90,98,5140
AA,2026,EL,POR,BOS,Delta Dental Park,67,101,102,101,101,99,115,98,95,100,104,104,103,103,91,99,5169
AA,2026,EL,NH,TOR,Delta Dental Stadium,67,101,103,101,101,99,108,106,102,100,100,96,101,102,98,107,4922
AA,2026,TL,ARK,SEA,Dickey-Stephens Park,70,91,83,95,92,99,86,96,68,99,106,104,94,90,65,72,4968
AA,2026,EL,HFD,COL,Dunkin' Park,69,102,105,101,103,100,108,86,111,97,106,101,105,106,107,115,5238
AA,2026,TL,WCH,MIN,Equity Bank Park,69,105,110,105,107,107,103,96,111,101,92,98,104,104,106,115,5418
AA,2026,SL,CHA,CIN,Erlanger Park,70,104,108,100,100,93,96,99,138,99,101,100,100,106,127,150,5240
AA,2026,EL,HBG,WSN,FNB Field,67,96,92,96,96,98,90,117,93,96,101,102,96,95,88,97,5138
AA,2026,EL,REA,PHI,FirstEnergy Stadium,67,107,113,103,105,97,111,109,132,100,97,100,103,108,127,136,5143
AA,2026,TL,AMA,ARI,Hodgetown,70,120,138,111,118,105,116,128,176,101,93,93,115,123,169,181,5425
AA,2026,SL,BLX,MIL,Keesler Federal Park,69,102,104,102,102,102,96,92,111,100,93,107,99,100,106,115,5030
AA,2026,EL,BNG,NYM,Mirabito Stadium,69,95,92,96,95,95,100,107,90,97,110,98,98,98,85,94,5089
AA,2026,TL,MID,ATH,Momentum Bank Ballpark,69,102,103,104,107,112,113,121,74,100,96,94,106,101,71,78,5350
AA,2026,TL,SA,SDP,Nelson Wolff Stadium,69,93,87,97,96,101,102,112,61,98,101,104,96,91,58,65,5209
AA,2026,TL,TUL,LAD,ONEOK Field,69,102,103,101,99,100,90,72,114,104,96,113,99,100,109,119,5373
AA,2026,EL,ALT,PIT,Peoples Natural Gas Field,70,99,97,101,100,104,101,134,80,101,92,105,97,95,76,83,5295
AA,2026,EL,CHE,BAL,Prince George's Stadium,69,102,105,100,99,95,96,79,127,101,102,95,100,104,123,132,5185
AA,2026,SL,BIR,CHW,Regions Field,69,98,96,101,100,106,96,119,79,101,98,100,100,96,75,83,5291
AA,2026,SL,BIR,CHW,Rickwood Field,1,104,108,104,105,106,104,98,108,100,97,103,104,105,88,128,100
AA,2026,TL,FRI,TEX,Riders Field,69,103,106,103,103,104,99,94,106,102,97,101,103,103,102,111,5351
AA,2026,TL,SPR,STL,Route 66 Stadium,69,106,111,105,106,106,98,78,120,104,96,97,105,106,115,125,5242
AA,2026,SL,COL,ATL,Synovus Park,68,98,97,97,95,93,87,87,115,101,107,98,97,100,107,122,4976
AA,2026,EL,SOM,NYY,TD Bank Ballpark,69,96,94,96,95,93,96,73,104,97,102,91,95,96,100,108,5161
AA,2026,SL,RCT,LAA,Toyota Field,71,100,100,99,99,99,90,72,113,99,105,104,101,102,109,117,5082
AA,2026,EL,ERI,DET,UPMC Park,69,100,100,99,101,97,114,115,98,97,102,89,100,101,94,102,5150
AA,2026,TL,CC,HOU,Whataburger Field,69,100,100,100,98,99,89,90,107,103,101,106,99,100,103,111,5200
A+,2026,MWL,BEL,MIA,ABC Supply Stadium,67,95,91,97,96,98,96,111,81,99,103,98,97,95,77,84,5036
A+,2026,SAL,ROM,ATL,AdventHealth Stadium,66,92,85,96,95,103,89,107,66,97,99,96,94,89,62,69,4939
A+,2026,NWL,SPO,COL,Avista Stadium,65,109,118,106,111,107,109,90,134,99,95,95,108,111,128,140,5248
A+,2026,SAL,BG,TBR,Bowling Green Ballpark,65,102,104,99,101,98,92,85,129,95,105,110,102,105,124,134,4794
A+,2026,MWL,LC,CLE,Classic Auto Group Park,63,101,102,99,99,96,92,76,124,101,101,90,99,102,119,131,4876
A+,2026,MWL,DAY,CIN,Day Air Ballpark,66,102,104,101,100,98,101,108,110,102,101,105,101,103,104,115,5250
A+,2026,MWL,GL,LAD,Dow Diamond,65,98,96,99,96,97,94,100,95,104,102,100,98,97,90,100,4730
A+,2026,MWL,PEO,STL,Dozer Park,65,100,100,100,101,102,100,100,100,98,100,100,101,101,95,104,4977
A+,2026,NWL,EVE,SEA,Everett Memorial Stadium,66,109,118,105,107,97,114,95,144,101,104,108,109,115,139,150,5182
A+,2026,SAL,HCS,TEX,Fifth Third Park,65,96,92,97,95,97,83,100,98,100,108,99,98,98,90,106,4825
A+,2026,SAL,GBO,PIT,First National Bank Field,66,109,117,103,103,96,86,65,172,102,100,105,104,112,165,178,5262
A+,2026,SAL,GVL,BOS,Fluor Field at the West End,67,106,111,103,106,103,105,102,124,99,101,90,106,109,119,130,5307
A+,2026,MWL,SB,CHC,Four Winds Field,64,98,96,100,98,100,98,99,88,102,99,102,98,97,84,93,4809
A+,2026,SAL,WIL,WSN,Frawley Stadium,66,95,91,98,97,101,94,127,73,101,96,93,95,92,69,77,4892
A+,2026,NWL,TRI,LAA,Gesa Stadium,66,95,91,98,97,102,97,111,75,98,107,101,100,97,71,78,5104
A+,2026,SAL,HV,NYY,Heritage Financial Park,66,96,92,97,94,93,99,108,87,101,104,106,96,95,82,92,5009
A+,2026,SAL,ASH,HOU,HomeTrust Park,66,118,136,112,118,107,132,61,157,104,93,99,116,121,151,164,5638
A+,2026,NWL,HIL,ARI,Hops Ballpark,66,95,90,97,96,101,94,101,78,99,102,98,97,94,69,86,4987
A+,2026,MWL,LAN,ATH,Jackson Field,64,107,113,106,109,107,113,156,102,100,87,104,104,104,97,108,5070
A+,2026,MWL,WM,DET,LMCU Ballpark,65,95,90,97,96,101,94,92,80,98,93,101,93,91,75,85,4954
A+,2026,SAL,BRK,NYM,Maimonides Park,66,92,86,95,92,94,98,142,68,99,107,95,95,92,64,72,4950
A+,2026,MWL,QC,KCR,Modern Woodmen Park,66,98,97,99,98,98,100,126,90,101,102,100,99,98,85,95,4825
A+,2026,MWL,WIS,MIL,Neuroscience Group Field,64,103,105,103,103,102,109,115,97,103,92,102,100,100,93,102,4943
A+,2026,SAL,FRE,BAL,Nymeo Field,64,103,106,100,101,98,97,79,130,98,103,102,102,106,119,142,4697
A+,2026,NWL,EUG,SFG,PK Park,67,102,105,99,102,97,103,73,125,94,108,107,104,107,119,131,5029
A+,2026,MWL,FW,SDP,Parkview Field,67,99,98,100,99,100,106,101,87,101,100,102,100,98,83,91,5221
A+,2026,NWL,VAN,TOR,Rogers Field at Nat Bailey Stadium,66,97,94,98,96,96,102,85,89,101,98,101,95,95,86,94,5098
A+,2026,SAL,JS,PHI,ShoreTown Ballpark,65,94,89,97,95,99,92,113,76,100,105,97,97,94,72,80,4934
A+,2026,SAL,WS,CHW,Truist Stadium,66,102,104,102,102,103,99,131,100,103,95,102,101,101,96,104,5084
A+,2026,MWL,CR,MIN,Veterans Memorial Stadium,66,101,101,100,101,101,99,116,101,100,95,99,99,99,97,106,5193
A,2026,CAR,DEL,BAL,Arthur W. Perdue Stadium,66,96,91,98,95,100,87,99,80,103,105,93,98,95,76,85,5163
A,2026,CAR,KAN,CHW,Atrium Health Ballpark,66,100,99,100,101,104,96,130,89,99,101,97,102,100,84,95,4953
A,2026,CAL,STK,ATH,Banner Island Ballpark,66,106,112,103,105,100,104,76,144,98,103,105,106,110,138,150,5257
A,2026,FSL,CLR,PHI,BayCare Ballpark,66,99,97,98,96,95,95,95,109,99,104,107,98,99,104,114,4974
A,2026,CAR,SAL,BOS,Carilion Clinic Field,64,100,100,102,103,105,112,114,73,100,91,92,100,97,69,78,5025
A,2026,CAL,FRE,COL,Chukchansi Park,67,102,104,101,104,104,104,103,104,96,95,99,101,101,99,109,5241
A,2026,CAR,HC,CLE,City Stadium,67,99,98,99,100,99,110,108,89,98,95,90,98,97,84,95,5054
A,2026,FSL,SLU,NYM,Clover Park,68,99,99,100,99,100,95,102,96,103,98,104,99,98,91,101,5060
A,2026,CAL,SJ,SFG,Excite Ballpark,66,103,106,103,105,106,103,91,103,100,95,103,103,102,98,107,5266
A,2026,FSL,TAM,NYY,George M. Steinbrenner Field,64,102,104,101,100,99,100,76,120,102,98,102,100,102,115,125,4831
A,2026,FSL,PMB,STL,Holman Stadium,1,99,99,99,99,98,99,103,100,99,103,100,100,100,75,125,67
A,2026,FSL,DBT,CIN,Jackie Robinson Ballpark,67,101,103,100,100,94,115,112,105,101,104,99,102,104,100,110,5237
A,2026,CAR,CHS,TBR,"Joseph P. Riley, Jr. Ballpark",67,95,89,97,95,98,91,100,78,100,100,99,95,93,74,83,5083
A,2026,CAR,HIC,TEX,L.P. Frans Stadium,57,101,102,100,101,102,91,89,121,98,103,92,102,103,116,126,4152
A,2026,FSL,BRD,PIT,LECOM Park,67,101,102,100,98,95,101,85,118,101,100,106,99,101,112,124,4955
A,2026,FSL,FTM,MIN,Lee Health Sports Complex,62,98,95,99,97,100,96,94,85,103,100,95,98,96,80,89,4598
A,2026,CAL,RC,LAA,Morongo Field,66,106,112,103,107,103,109,119,125,98,99,103,106,109,119,131,5188
A,2026,CAL,ONT,LAD,ONT Field,66,107,114,105,106,103,107,111,125,102,96,102,105,108,115,137,5503
A,2026,CAR,MB,CHC,Pelicans Ballpark,63,95,91,97,95,98,91,99,82,101,103,101,96,94,77,87,4842
A,2026,FSL,LAK,DET,Publix Field at Joker Marchant Stadium,64,99,99,99,98,97,100,123,96,102,99,97,98,98,91,102,4718
A,2026,FSL,PMB,STL,Roger Dean Chevrolet Stadium,130,96,92,98,96,100,94,90,82,100,101,101,97,95,78,85,9918
A,2026,CAR,FAY,HOU,SEGRA Stadium,69,97,94,97,95,94,91,81,107,100,105,103,97,98,101,113,4969
A,2026,CAR,AUG,ATL,SRP Park,65,99,98,98,97,96,93,90,115,98,106,96,99,101,110,121,4863
A,2026,CAL,IE,SEA,San Manuel Stadium,66,102,105,102,105,106,105,172,86,98,101,99,105,104,80,91,5164
A,2026,CAR,COL,KCR,Segra Park,68,100,99,100,101,103,93,114,99,98,96,98,98,98,94,104,5059
A,2026,FSL,DUN,TOR,TD Ballpark,65,100,100,98,97,94,98,78,119,99,106,110,100,102,114,124,5005
A,2026,CAL,LE,SDP,The Diamond,65,103,107,104,105,102,121,124,88,102,93,101,103,102,83,92,5187
A,2026,CAR,HIC,TEX,Truist Stadium,6,102,104,102,102,102,100,125,100,102,95,103,100,100,95,104,394
A,2026,CAL,VIS,ARI,Valley Strong Ballpark,66,102,105,101,102,100,102,86,120,97,107,106,105,106,115,126,5220
A,2026,CAR,FBG,WSN,Virginia Credit Union Stadium,67,99,98,100,99,101,99,89,90,103,98,98,99,98,86,96,5142
A,2026,CAR,WIL,MIL,Wilson Ballpark,65,101,103,100,100,99,96,109,113,101,98,105,99,101,103,125,5132
